Samples ,Date (MM/dd/yyyy) ,Time of day (hh:mm:ss) ,Power (W),
0, 11/28/2024, 14:26:08.200,0.00066636
1, 11/28/2024, 14:26:09.734,0.00066447
2, 11/28/2024, 14:26:10.746,0.00066179
3, 11/28/2024, 14:26:11.764,0.00065831
4, 11/28/2024, 14:26:12.787,0.00066172
5, 11/28/2024, 14:26:13.803,0.00066618
6, 11/28/2024, 14:26:14.824,0.00066425
7, 11/28/2024, 14:26:15.842,0.00066236
8, 11/28/2024, 14:26:16.851,0.00066312
9, 11/28/2024, 14:26:17.862,0.00066401
10, 11/28/2024, 14:26:18.878,0.00066385
11, 11/28/2024, 14:26:19.157,0.00066346
12, 11/28/2024, 14:26:20.170,0.00066381
13, 11/28/2024, 14:26:21.183,0.00067025
14, 11/28/2024, 14:26:22.208,0.00066279
15, 11/28/2024, 14:26:23.223,0.000662
16, 11/28/2024, 14:26:24.237,0.00066247
17, 11/28/2024, 14:26:25.252,0.00065758
18, 11/28/2024, 14:26:26.276,0.00066101
19, 11/28/2024, 14:26:27.286,0.00066284
20, 11/28/2024, 14:26:28.300,0.00065713
21, 11/28/2024, 14:26:29.304,0.00065899
22, 11/28/2024, 14:26:30.317,0.00066008
23, 11/28/2024, 14:26:31.327,0.00065925
24, 11/28/2024, 14:26:32.338,0.00066035
25, 11/28/2024, 14:26:33.352,0.00065984
26, 11/28/2024, 14:26:34.365,0.0006595
27, 11/28/2024, 14:26:35.380,0.00066175
28, 11/28/2024, 14:26:36.396,0.00066196
29, 11/28/2024, 14:26:37.409,0.00066258
30, 11/28/2024, 14:26:38.421,0.00065957
31, 11/28/2024, 14:26:39.434,0.00065848
32, 11/28/2024, 14:26:40.446,0.00066162
33, 11/28/2024, 14:26:41.458,0.00065808
34, 11/28/2024, 14:26:42.472,0.0006604
35, 11/28/2024, 14:26:43.488,0.00065893
36, 11/28/2024, 14:26:44.499,0.00066147
37, 11/28/2024, 14:26:45.511,0.00066173
38, 11/28/2024, 14:26:46.524,0.00067038
39, 11/28/2024, 14:26:47.530,0.00066895
40, 11/28/2024, 14:26:48.540,0.00067002
41, 11/28/2024, 14:26:49.552,0.00067128
42, 11/28/2024, 14:26:50.555,0.00067261
43, 11/28/2024, 14:26:51.582,0.0006734
44, 11/28/2024, 14:26:52.608,0.0006711
45, 11/28/2024, 14:26:53.617,0.00066985
46, 11/28/2024, 14:26:54.629,0.00066834
47, 11/28/2024, 14:26:55.642,0.00067275
48, 11/28/2024, 14:26:56.654,0.00067151
49, 11/28/2024, 14:26:57.662,0.0006646
50, 11/28/2024, 14:26:58.673,0.00066677
51, 11/28/2024, 14:26:59.684,0.00066377
52, 11/28/2024, 14:27:00.696,0.00066502
53, 11/28/2024, 14:27:01.712,0.00066587
54, 11/28/2024, 14:27:02.729,0.00066142
55, 11/28/2024, 14:27:03.745,0.00067072
56, 11/28/2024, 14:27:04.758,0.00065899
57, 11/28/2024, 14:27:05.769,0.00066433
58, 11/28/2024, 14:27:06.786,0.00065921
59, 11/28/2024, 14:27:07.800,0.00066253
60, 11/28/2024, 14:27:08.814,0.00065789
61, 11/28/2024, 14:27:09.825,0.00065215
62, 11/28/2024, 14:27:10.854,0.00065574
63, 11/28/2024, 14:27:11.865,0.00065935
64, 11/28/2024, 14:27:12.878,0.00065764
65, 11/28/2024, 14:27:13.155,0.00065775
66, 11/28/2024, 14:27:14.168,0.00065596
67, 11/28/2024, 14:27:15.179,0.00065462
68, 11/28/2024, 14:27:16.193,0.00065263
69, 11/28/2024, 14:27:17.205,0.00066122
70, 11/28/2024, 14:27:18.216,0.00065523
71, 11/28/2024, 14:27:19.230,0.00065362
72, 11/28/2024, 14:27:20.248,0.00064958
73, 11/28/2024, 14:27:21.250,0.00063972
74, 11/28/2024, 14:27:22.280,0.00064325
75, 11/28/2024, 14:27:23.298,0.0006537
76, 11/28/2024, 14:27:24.311,0.00065435
77, 11/28/2024, 14:27:25.321,0.00065354
78, 11/28/2024, 14:27:26.334,0.00065425
79, 11/28/2024, 14:27:27.347,0.00065655
80, 11/28/2024, 14:27:28.361,0.0006521
81, 11/28/2024, 14:27:29.373,0.00065514
82, 11/28/2024, 14:27:30.384,0.00065655
83, 11/28/2024, 14:27:31.398,0.00066163
84, 11/28/2024, 14:27:32.410,0.00065689
85, 11/28/2024, 14:27:33.424,0.00065793
86, 11/28/2024, 14:27:34.436,0.00065544
87, 11/28/2024, 14:27:35.446,0.00065731
88, 11/28/2024, 14:27:36.458,0.00065448
89, 11/28/2024, 14:27:37.467,0.00065686
90, 11/28/2024, 14:27:38.480,0.00064953
91, 11/28/2024, 14:27:39.492,0.0006521
92, 11/28/2024, 14:27:40.506,0.00065565
93, 11/28/2024, 14:27:41.517,0.00065382
94, 11/28/2024, 14:27:42.527,0.00065419
95, 11/28/2024, 14:27:43.539,0.00065766
96, 11/28/2024, 14:27:44.554,0.00065296
97, 11/28/2024, 14:27:45.568,0.00065593
98, 11/28/2024, 14:27:46.585,0.00065861
99, 11/28/2024, 14:27:47.598,0.0006581
100, 11/28/2024, 14:27:48.611,0.00066151
101, 11/28/2024, 14:27:49.627,0.00065738
102, 11/28/2024, 14:27:50.640,0.00065783
103, 11/28/2024, 14:27:51.649,0.00065484
104, 11/28/2024, 14:27:52.661,0.00065469
105, 11/28/2024, 14:27:53.670,0.00065541
106, 11/28/2024, 14:27:54.680,0.00065875
107, 11/28/2024, 14:27:55.690,0.00066185
108, 11/28/2024, 14:27:56.700,0.00065661
109, 11/28/2024, 14:27:57.710,0.00066456
110, 11/28/2024, 14:27:58.724,0.00066671
111, 11/28/2024, 14:27:59.736,0.00065445
112, 11/28/2024, 14:28:00.748,0.00065771
113, 11/28/2024, 14:28:01.758,0.00065992
114, 11/28/2024, 14:28:02.771,0.00065807
115, 11/28/2024, 14:28:03.782,0.00065844
116, 11/28/2024, 14:28:04.797,0.00065815
117, 11/28/2024, 14:28:05.807,0.00066084
118, 11/28/2024, 14:28:06.817,0.00065859
119, 11/28/2024, 14:28:07.830,0.00065836
120, 11/28/2024, 14:28:08.840,0.00066909
121, 11/28/2024, 14:28:09.853,0.00066257
122, 11/28/2024, 14:28:10.863,0.00066024
123, 11/28/2024, 14:28:11.878,0.00066483
124, 11/28/2024, 14:28:12.155,0.000657
125, 11/28/2024, 14:28:13.165,0.0006582
126, 11/28/2024, 14:28:14.178,0.00066674
127, 11/28/2024, 14:28:15.191,0.00065772
128, 11/28/2024, 14:28:16.203,0.00066905
129, 11/28/2024, 14:28:17.216,0.0006551
130, 11/28/2024, 14:28:18.231,0.00066421
131, 11/28/2024, 14:28:19.242,0.00066885
132, 11/28/2024, 14:28:20.253,0.00066004
133, 11/28/2024, 14:28:21.266,0.00066266
134, 11/28/2024, 14:28:22.280,0.00065856
135, 11/28/2024, 14:28:23.292,0.00065667
136, 11/28/2024, 14:28:24.307,0.00066522
137, 11/28/2024, 14:28:25.319,0.00066672
138, 11/28/2024, 14:28:26.333,0.00066438
139, 11/28/2024, 14:28:27.346,0.000662
140, 11/28/2024, 14:28:28.356,0.0006617
141, 11/28/2024, 14:28:29.368,0.00066857
142, 11/28/2024, 14:28:30.378,0.00065785
143, 11/28/2024, 14:28:31.392,0.00066239
144, 11/28/2024, 14:28:32.406,0.00066174
145, 11/28/2024, 14:28:33.419,0.0006652
146, 11/28/2024, 14:28:34.434,0.00066424
147, 11/28/2024, 14:28:35.444,0.00065965
148, 11/28/2024, 14:28:36.459,0.00065723
149, 11/28/2024, 14:28:37.468,0.00064768
150, 11/28/2024, 14:28:38.477,0.00064898
151, 11/28/2024, 14:28:39.492,0.0006535
152, 11/28/2024, 14:28:40.505,0.00065627
153, 11/28/2024, 14:28:41.516,0.00065391
154, 11/28/2024, 14:28:42.527,0.00065124
155, 11/28/2024, 14:28:43.540,0.00065784
156, 11/28/2024, 14:28:44.550,0.00065641
157, 11/28/2024, 14:28:45.565,0.00065912
158, 11/28/2024, 14:28:46.577,0.00065789
159, 11/28/2024, 14:28:47.591,0.00065726
160, 11/28/2024, 14:28:48.600,0.00065657
161, 11/28/2024, 14:28:49.613,0.00065395
162, 11/28/2024, 14:28:50.626,0.00065723
163, 11/28/2024, 14:28:51.638,0.00065608
164, 11/28/2024, 14:28:52.647,0.00066306
165, 11/28/2024, 14:28:53.661,0.00066721
166, 11/28/2024, 14:28:54.671,0.00066295
167, 11/28/2024, 14:28:55.682,0.00065509
168, 11/28/2024, 14:28:56.694,0.00064985
169, 11/28/2024, 14:28:57.705,0.00064687
170, 11/28/2024, 14:28:58.723,0.00065163
171, 11/28/2024, 14:28:59.732,0.00065132
172, 11/28/2024, 14:29:00.746,0.00065296
173, 11/28/2024, 14:29:01.757,0.00065275
174, 11/28/2024, 14:29:02.769,0.00065631
175, 11/28/2024, 14:29:03.779,0.0006534
176, 11/28/2024, 14:29:04.789,0.00065422
177, 11/28/2024, 14:29:05.803,0.00064913
178, 11/28/2024, 14:29:06.814,0.00066068
179, 11/28/2024, 14:29:07.827,0.00066921
180, 11/28/2024, 14:29:08.843,0.00066412
181, 11/28/2024, 14:29:09.862,0.00065392
182, 11/28/2024, 14:29:10.876,0.00065609
183, 11/28/2024, 14:29:11.154,0.00064495
184, 11/28/2024, 14:29:12.168,0.00064435
185, 11/28/2024, 14:29:13.180,0.00064608
186, 11/28/2024, 14:29:14.195,0.00065094
187, 11/28/2024, 14:29:15.211,0.0006494
188, 11/28/2024, 14:29:16.221,0.00063987
189, 11/28/2024, 14:29:17.234,0.00064579
190, 11/28/2024, 14:29:18.247,0.00064277
191, 11/28/2024, 14:29:19.256,0.00065352
192, 11/28/2024, 14:29:20.274,0.00064955
193, 11/28/2024, 14:29:21.291,0.00065127
194, 11/28/2024, 14:29:22.302,0.00064645
195, 11/28/2024, 14:29:23.311,0.00064302
196, 11/28/2024, 14:29:24.320,0.00064381
197, 11/28/2024, 14:29:25.333,0.0006471
198, 11/28/2024, 14:29:26.347,0.00064381
199, 11/28/2024, 14:29:27.358,0.00064445
200, 11/28/2024, 14:29:28.373,0.00064896
201, 11/28/2024, 14:29:29.388,0.00064764
202, 11/28/2024, 14:29:30.402,0.00064828
203, 11/28/2024, 14:29:31.415,0.00065007
204, 11/28/2024, 14:29:32.426,0.00066647
205, 11/28/2024, 14:29:33.436,0.00066472
206, 11/28/2024, 14:29:34.448,0.00065982
207, 11/28/2024, 14:29:35.459,0.00066546
208, 11/28/2024, 14:29:36.471,0.00065101
209, 11/28/2024, 14:29:37.480,0.00065052
210, 11/28/2024, 14:29:38.488,0.00064875
211, 11/28/2024, 14:29:39.502,0.00065013
212, 11/28/2024, 14:29:40.517,0.00064784
213, 11/28/2024, 14:29:41.525,0.00064541
214, 11/28/2024, 14:29:42.540,0.00064766
215, 11/28/2024, 14:29:43.554,0.00065003
216, 11/28/2024, 14:29:44.565,0.00065099
217, 11/28/2024, 14:29:45.578,0.00065158
218, 11/28/2024, 14:29:46.590,0.00064942
219, 11/28/2024, 14:29:47.605,0.00064913
220, 11/28/2024, 14:29:48.617,0.00064796
221, 11/28/2024, 14:29:49.628,0.00065012
222, 11/28/2024, 14:29:50.641,0.00064778
223, 11/28/2024, 14:29:51.652,0.00064496
224, 11/28/2024, 14:29:52.666,0.00064509
225, 11/28/2024, 14:29:53.681,0.00064687
226, 11/28/2024, 14:29:54.693,0.00064858
227, 11/28/2024, 14:29:55.701,0.00065006
228, 11/28/2024, 14:29:56.715,0.00065027
229, 11/28/2024, 14:29:57.724,0.00064656
230, 11/28/2024, 14:29:58.739,0.0006554
231, 11/28/2024, 14:29:59.752,0.00065274
232, 11/28/2024, 14:30:00.765,0.00066044
233, 11/28/2024, 14:30:01.776,0.00064968
234, 11/28/2024, 14:30:02.787,0.00065151
235, 11/28/2024, 14:30:03.803,0.00066018
236, 11/28/2024, 14:30:04.814,0.00066617
237, 11/28/2024, 14:30:05.828,0.00065977
238, 11/28/2024, 14:30:06.847,0.00065274
239, 11/28/2024, 14:30:07.858,0.00064898
240, 11/28/2024, 14:30:08.871,0.00065165
241, 11/28/2024, 14:30:09.149,0.00065317
242, 11/28/2024, 14:30:10.157,0.00065058
243, 11/28/2024, 14:30:11.174,0.00065056
244, 11/28/2024, 14:30:12.186,0.00065204
245, 11/28/2024, 14:30:13.203,0.00065014
246, 11/28/2024, 14:30:14.215,0.00065622
247, 11/28/2024, 14:30:15.226,0.00065588
248, 11/28/2024, 14:30:16.235,0.0006544
249, 11/28/2024, 14:30:17.248,0.00065888
250, 11/28/2024, 14:30:18.263,0.00065521
251, 11/28/2024, 14:30:19.275,0.00064649
252, 11/28/2024, 14:30:20.285,0.00065015
253, 11/28/2024, 14:30:21.297,0.0006494
254, 11/28/2024, 14:30:22.307,0.00064755
255, 11/28/2024, 14:30:23.318,0.00064611
256, 11/28/2024, 14:30:24.329,0.00064565
257, 11/28/2024, 14:30:25.345,0.00064582
258, 11/28/2024, 14:30:26.354,0.00064776
259, 11/28/2024, 14:30:27.364,0.00065141
260, 11/28/2024, 14:30:28.377,0.0006538
261, 11/28/2024, 14:30:29.391,0.00065701
262, 11/28/2024, 14:30:30.406,0.000657
263, 11/28/2024, 14:30:31.420,0.000664
264, 11/28/2024, 14:30:32.429,0.00066871
265, 11/28/2024, 14:30:33.439,0.00065989
266, 11/28/2024, 14:30:34.452,0.0006567
267, 11/28/2024, 14:30:35.465,0.0006496
268, 11/28/2024, 14:30:36.478,0.00064539
269, 11/28/2024, 14:30:37.492,0.00065112
270, 11/28/2024, 14:30:38.508,0.00065081
271, 11/28/2024, 14:30:39.522,0.00064885
272, 11/28/2024, 14:30:40.532,0.00064955
273, 11/28/2024, 14:30:41.546,0.00064982
274, 11/28/2024, 14:30:42.559,0.00065006
275, 11/28/2024, 14:30:43.574,0.00065279
276, 11/28/2024, 14:30:44.584,0.00064987
277, 11/28/2024, 14:30:45.597,0.00064753
278, 11/28/2024, 14:30:46.609,0.00064772
279, 11/28/2024, 14:30:47.623,0.00064745
280, 11/28/2024, 14:30:48.640,0.00064757
281, 11/28/2024, 14:30:49.647,0.0006511
282, 11/28/2024, 14:30:50.660,0.00064983
283, 11/28/2024, 14:30:51.671,0.00064842
284, 11/28/2024, 14:30:52.681,0.00065106
285, 11/28/2024, 14:30:53.695,0.00066576
286, 11/28/2024, 14:30:54.707,0.00066719
287, 11/28/2024, 14:30:55.718,0.00065197
288, 11/28/2024, 14:30:56.730,0.00065568
289, 11/28/2024, 14:30:57.743,0.00064917
290, 11/28/2024, 14:30:58.752,0.00064539
291, 11/28/2024, 14:30:59.763,0.00064698
292, 11/28/2024, 14:31:00.778,0.0006447
293, 11/28/2024, 14:31:01.790,0.00064747
294, 11/28/2024, 14:31:02.805,0.0006505
295, 11/28/2024, 14:31:03.817,0.00064942
296, 11/28/2024, 14:31:04.828,0.00064557
297, 11/28/2024, 14:31:05.842,0.00064532
298, 11/28/2024, 14:31:06.854,0.00064739
299, 11/28/2024, 14:31:07.867,0.00064833
300, 11/28/2024, 14:31:08.878,0.00063959
301, 11/28/2024, 14:31:09.145,0.0006319
302, 11/28/2024, 14:31:10.150,0.00063884
303, 11/28/2024, 14:31:11.163,0.00064005
304, 11/28/2024, 14:31:12.174,0.00064513
305, 11/28/2024, 14:31:13.186,0.00064494
306, 11/28/2024, 14:31:14.196,0.00064267
307, 11/28/2024, 14:31:15.210,0.00064064
308, 11/28/2024, 14:31:16.223,0.00063833
309, 11/28/2024, 14:31:17.234,0.00064305
310, 11/28/2024, 14:31:18.247,0.00064203
311, 11/28/2024, 14:31:19.262,0.00064522
312, 11/28/2024, 14:31:20.279,0.0006492
313, 11/28/2024, 14:31:21.290,0.00064731
314, 11/28/2024, 14:31:22.302,0.00064623
315, 11/28/2024, 14:31:23.315,0.00063544
316, 11/28/2024, 14:31:24.326,0.00064276
317, 11/28/2024, 14:31:25.342,0.00064628
318, 11/28/2024, 14:31:26.356,0.0006487
319, 11/28/2024, 14:31:27.366,0.000646
320, 11/28/2024, 14:31:28.379,0.00064718
321, 11/28/2024, 14:31:29.390,0.00063887
322, 11/28/2024, 14:31:30.405,0.00064041
323, 11/28/2024, 14:31:31.415,0.00064064
324, 11/28/2024, 14:31:32.430,0.00064468
325, 11/28/2024, 14:31:33.439,0.00064452
326, 11/28/2024, 14:31:34.455,0.00064376
327, 11/28/2024, 14:31:35.469,0.00064214
328, 11/28/2024, 14:31:36.479,0.00065337
329, 11/28/2024, 14:31:37.494,0.00064751
330, 11/28/2024, 14:31:38.513,0.00064669
331, 11/28/2024, 14:31:39.525,0.00064313
332, 11/28/2024, 14:31:40.537,0.00063962
333, 11/28/2024, 14:31:41.550,0.00064097
334, 11/28/2024, 14:31:42.560,0.00063961
335, 11/28/2024, 14:31:43.569,0.00063548
336, 11/28/2024, 14:31:44.584,0.0006379
337, 11/28/2024, 14:31:45.596,0.00064081
338, 11/28/2024, 14:31:46.608,0.00064398
339, 11/28/2024, 14:31:47.620,0.00063672
340, 11/28/2024, 14:31:48.632,0.00063944
341, 11/28/2024, 14:31:49.641,0.00064169
342, 11/28/2024, 14:31:50.654,0.00064466
343, 11/28/2024, 14:31:51.664,0.00064262
344, 11/28/2024, 14:31:52.682,0.00064332
345, 11/28/2024, 14:31:53.691,0.00064576
346, 11/28/2024, 14:31:54.701,0.0006461
347, 11/28/2024, 14:31:55.712,0.00064463
348, 11/28/2024, 14:31:56.723,0.00064476
349, 11/28/2024, 14:31:57.741,0.0006426
350, 11/28/2024, 14:31:58.755,0.00063474
351, 11/28/2024, 14:31:59.767,0.00063792
352, 11/28/2024, 14:32:00.781,0.0006387
353, 11/28/2024, 14:32:01.790,0.00064223
354, 11/28/2024, 14:32:02.802,0.00064415
355, 11/28/2024, 14:32:03.818,0.00064346
356, 11/28/2024, 14:32:04.835,0.00064321
357, 11/28/2024, 14:32:05.849,0.00064332
358, 11/28/2024, 14:32:06.862,0.00064346
359, 11/28/2024, 14:32:07.887,0.00063883
360, 11/28/2024, 14:32:08.166,0.00063211
361, 11/28/2024, 14:32:09.180,0.00063783
362, 11/28/2024, 14:32:10.192,0.00063811
363, 11/28/2024, 14:32:11.205,0.0006413
364, 11/28/2024, 14:32:12.219,0.00064329
365, 11/28/2024, 14:32:13.229,0.00064207
366, 11/28/2024, 14:32:14.243,0.00063926
367, 11/28/2024, 14:32:15.255,0.0006437
368, 11/28/2024, 14:32:16.267,0.00064335
369, 11/28/2024, 14:32:17.280,0.00063576
370, 11/28/2024, 14:32:18.294,0.00063656
371, 11/28/2024, 14:32:19.308,0.00063641
372, 11/28/2024, 14:32:20.319,0.00062853
373, 11/28/2024, 14:32:21.341,0.00063551
374, 11/28/2024, 14:32:22.351,0.00063218
375, 11/28/2024, 14:32:23.365,0.00063879
376, 11/28/2024, 14:32:24.377,0.00063953
377, 11/28/2024, 14:32:25.389,0.00064059
378, 11/28/2024, 14:32:26.398,0.00064104
379, 11/28/2024, 14:32:27.412,0.00064078
380, 11/28/2024, 14:32:28.423,0.00064273
381, 11/28/2024, 14:32:29.438,0.00063964
382, 11/28/2024, 14:32:30.455,0.00064544
383, 11/28/2024, 14:32:31.466,0.00064669
384, 11/28/2024, 14:32:32.477,0.00064645
385, 11/28/2024, 14:32:33.489,0.00065215
386, 11/28/2024, 14:32:34.501,0.00066366
387, 11/28/2024, 14:32:35.516,0.0006572
388, 11/28/2024, 14:32:36.539,0.00064563
389, 11/28/2024, 14:32:37.553,0.00063901
390, 11/28/2024, 14:32:38.564,0.00063923
391, 11/28/2024, 14:32:39.576,0.00064122
392, 11/28/2024, 14:32:40.588,0.00063752
393, 11/28/2024, 14:32:41.599,0.00063626
394, 11/28/2024, 14:32:42.612,0.00063616
395, 11/28/2024, 14:32:43.625,0.00063816
396, 11/28/2024, 14:32:44.637,0.00064483
397, 11/28/2024, 14:32:45.653,0.00064635
398, 11/28/2024, 14:32:46.663,0.00063984
399, 11/28/2024, 14:32:47.681,0.00063945
400, 11/28/2024, 14:32:48.688,0.00064397
401, 11/28/2024, 14:32:49.704,0.0006554
402, 11/28/2024, 14:32:50.713,0.00066022
403, 11/28/2024, 14:32:51.725,0.00064004
404, 11/28/2024, 14:32:52.738,0.00064405
405, 11/28/2024, 14:32:53.748,0.00063974
406, 11/28/2024, 14:32:54.762,0.00063917
407, 11/28/2024, 14:32:55.771,0.00064153
408, 11/28/2024, 14:32:56.791,0.00063737
409, 11/28/2024, 14:32:57.809,0.00063583
410, 11/28/2024, 14:32:58.826,0.00063864
411, 11/28/2024, 14:32:59.840,0.00064837
412, 11/28/2024, 14:33:00.859,0.00064291
413, 11/28/2024, 14:33:01.875,0.00063911
414, 11/28/2024, 14:33:02.151,0.00064008
415, 11/28/2024, 14:33:03.163,0.00063417
416, 11/28/2024, 14:33:04.174,0.00063524
417, 11/28/2024, 14:33:05.186,0.00063612
418, 11/28/2024, 14:33:06.198,0.0006391
419, 11/28/2024, 14:33:07.209,0.00064218
420, 11/28/2024, 14:33:08.221,0.00063251
421, 11/28/2024, 14:33:09.231,0.0006333
422, 11/28/2024, 14:33:10.245,0.0006308
423, 11/28/2024, 14:33:11.258,0.00063326
424, 11/28/2024, 14:33:12.273,0.0006363
425, 11/28/2024, 14:33:13.287,0.00063593
426, 11/28/2024, 14:33:14.300,0.00063706
427, 11/28/2024, 14:33:15.315,0.00063535
428, 11/28/2024, 14:33:16.328,0.00063626
429, 11/28/2024, 14:33:17.341,0.00064357
430, 11/28/2024, 14:33:18.352,0.00063877
431, 11/28/2024, 14:33:19.367,0.00063524
432, 11/28/2024, 14:33:20.380,0.00063743
433, 11/28/2024, 14:33:21.392,0.0006346
434, 11/28/2024, 14:33:22.403,0.00063743
435, 11/28/2024, 14:33:23.417,0.00064619
436, 11/28/2024, 14:33:24.431,0.00063187
437, 11/28/2024, 14:33:25.441,0.00063106
438, 11/28/2024, 14:33:26.452,0.00062917
439, 11/28/2024, 14:33:27.464,0.00063463
440, 11/28/2024, 14:33:28.475,0.00063518
441, 11/28/2024, 14:33:29.499,0.00063428
442, 11/28/2024, 14:33:30.509,0.00063675
443, 11/28/2024, 14:33:31.525,0.00064879
444, 11/28/2024, 14:33:32.538,0.00064615
445, 11/28/2024, 14:33:33.551,0.00064733
446, 11/28/2024, 14:33:34.563,0.000647
447, 11/28/2024, 14:33:35.578,0.00063929
448, 11/28/2024, 14:33:36.593,0.00064992
449, 11/28/2024, 14:33:37.604,0.00063861
450, 11/28/2024, 14:33:38.616,0.00064202
451, 11/28/2024, 14:33:39.626,0.00062779
452, 11/28/2024, 14:33:40.653,0.00063687
453, 11/28/2024, 14:33:41.663,0.00063367
454, 11/28/2024, 14:33:42.672,0.00064456
455, 11/28/2024, 14:33:43.688,0.00064124
456, 11/28/2024, 14:33:44.702,0.00063706
457, 11/28/2024, 14:33:45.712,0.00063205
458, 11/28/2024, 14:33:46.726,0.000631
459, 11/28/2024, 14:33:47.741,0.00062822
460, 11/28/2024, 14:33:48.754,0.00062327
461, 11/28/2024, 14:33:49.778,0.00061939
462, 11/28/2024, 14:33:50.807,0.00063001
463, 11/28/2024, 14:33:51.814,0.0006307
464, 11/28/2024, 14:33:52.831,0.00063085
465, 11/28/2024, 14:33:53.842,0.00063373
466, 11/28/2024, 14:33:54.856,0.00063292
467, 11/28/2024, 14:33:55.867,0.00063733
468, 11/28/2024, 14:33:56.881,0.00064069
469, 11/28/2024, 14:33:57.159,0.00063495
470, 11/28/2024, 14:33:58.170,0.00063397
471, 11/28/2024, 14:33:59.182,0.00063963
472, 11/28/2024, 14:34:00.195,0.00063615
473, 11/28/2024, 14:34:01.209,0.00063699
474, 11/28/2024, 14:34:02.221,0.00063339
475, 11/28/2024, 14:34:03.232,0.00063306
476, 11/28/2024, 14:34:04.244,0.00063974
477, 11/28/2024, 14:34:05.252,0.00065132
478, 11/28/2024, 14:34:06.263,0.00063659
479, 11/28/2024, 14:34:07.281,0.00063647
480, 11/28/2024, 14:34:08.297,0.00064272
481, 11/28/2024, 14:34:09.309,0.00063822
482, 11/28/2024, 14:34:10.322,0.00063777
483, 11/28/2024, 14:34:11.337,0.00064783
484, 11/28/2024, 14:34:12.349,0.00063227
485, 11/28/2024, 14:34:13.360,0.00062931
486, 11/28/2024, 14:34:14.378,0.00063004
487, 11/28/2024, 14:34:15.391,0.00063567
488, 11/28/2024, 14:34:16.404,0.0006413
489, 11/28/2024, 14:34:17.417,0.00064945
490, 11/28/2024, 14:34:18.430,0.00064299
491, 11/28/2024, 14:34:19.443,0.00064262
492, 11/28/2024, 14:34:20.453,0.00064078
493, 11/28/2024, 14:34:21.468,0.000638
494, 11/28/2024, 14:34:22.483,0.00063491
495, 11/28/2024, 14:34:23.498,0.00063512
496, 11/28/2024, 14:34:24.509,0.00063767
497, 11/28/2024, 14:34:25.520,0.00063343
498, 11/28/2024, 14:34:26.530,0.00063186
499, 11/28/2024, 14:34:27.541,0.00063713
500, 11/28/2024, 14:34:28.554,0.00063503
501, 11/28/2024, 14:34:29.564,0.00063398
502, 11/28/2024, 14:34:30.578,0.00062891
503, 11/28/2024, 14:34:31.598,0.00062825
504, 11/28/2024, 14:34:32.611,0.00062436
505, 11/28/2024, 14:34:33.622,0.00062817
506, 11/28/2024, 14:34:34.637,0.00063009
507, 11/28/2024, 14:34:35.652,0.00063168
508, 11/28/2024, 14:34:36.668,0.00062948
509, 11/28/2024, 14:34:37.680,0.00063292
510, 11/28/2024, 14:34:38.693,0.00063119
511, 11/28/2024, 14:34:39.704,0.00063285
512, 11/28/2024, 14:34:40.718,0.00062645
513, 11/28/2024, 14:34:41.733,0.00062176
514, 11/28/2024, 14:34:42.743,0.00063065
515, 11/28/2024, 14:34:43.758,0.00063189
516, 11/28/2024, 14:34:44.776,0.00063213
517, 11/28/2024, 14:34:45.791,0.0006288
518, 11/28/2024, 14:34:46.802,0.00063273
519, 11/28/2024, 14:34:47.812,0.00062808
520, 11/28/2024, 14:34:48.823,0.00063509
521, 11/28/2024, 14:34:49.833,0.00063895
522, 11/28/2024, 14:34:50.847,0.00063799
523, 11/28/2024, 14:34:51.861,0.00064293
524, 11/28/2024, 14:34:52.875,0.00064298
525, 11/28/2024, 14:34:53.153,0.00064652
526, 11/28/2024, 14:34:54.166,0.00063734
527, 11/28/2024, 14:34:55.178,0.00063705
528, 11/28/2024, 14:34:56.186,0.00063038
529, 11/28/2024, 14:34:57.199,0.00063284
530, 11/28/2024, 14:34:58.211,0.00063203
531, 11/28/2024, 14:34:59.227,0.00063403
532, 11/28/2024, 14:35:00.237,0.00063119
533, 11/28/2024, 14:35:01.250,0.00062615
534, 11/28/2024, 14:35:02.265,0.00062074
535, 11/28/2024, 14:35:03.277,0.00062432
536, 11/28/2024, 14:35:04.288,0.00062527
537, 11/28/2024, 14:35:05.302,0.00062033
538, 11/28/2024, 14:35:06.316,0.00061978
539, 11/28/2024, 14:35:07.333,0.00062475
540, 11/28/2024, 14:35:08.350,0.00062584
541, 11/28/2024, 14:35:09.362,0.00062744
542, 11/28/2024, 14:35:10.372,0.00062785
543, 11/28/2024, 14:35:11.384,0.00062632
544, 11/28/2024, 14:35:12.399,0.00062981
545, 11/28/2024, 14:35:13.414,0.00062542
546, 11/28/2024, 14:35:14.428,0.00062933
547, 11/28/2024, 14:35:15.444,0.0006363
548, 11/28/2024, 14:35:16.455,0.00062849
549, 11/28/2024, 14:35:17.481,0.00063276
550, 11/28/2024, 14:35:18.494,0.00062412
551, 11/28/2024, 14:35:19.508,0.00062174
552, 11/28/2024, 14:35:20.522,0.00062536
553, 11/28/2024, 14:35:21.533,0.00061861
554, 11/28/2024, 14:35:22.560,0.0006214
555, 11/28/2024, 14:35:23.573,0.00062211
556, 11/28/2024, 14:35:24.593,0.0006202
557, 11/28/2024, 14:35:25.600,0.00062626
558, 11/28/2024, 14:35:26.613,0.00063041
559, 11/28/2024, 14:35:27.624,0.0006288
560, 11/28/2024, 14:35:28.635,0.00062832
561, 11/28/2024, 14:35:29.648,0.00062989
562, 11/28/2024, 14:35:30.660,0.00063038
563, 11/28/2024, 14:35:31.675,0.00062653
564, 11/28/2024, 14:35:32.690,0.00062776
565, 11/28/2024, 14:35:33.698,0.00063281
566, 11/28/2024, 14:35:34.708,0.00063458
567, 11/28/2024, 14:35:35.722,0.00063447
568, 11/28/2024, 14:35:36.733,0.00062399
569, 11/28/2024, 14:35:37.745,0.00062794
570, 11/28/2024, 14:35:38.757,0.00062885
571, 11/28/2024, 14:35:39.772,0.00063017
572, 11/28/2024, 14:35:40.785,0.00062463
573, 11/28/2024, 14:35:41.800,0.00062472
574, 11/28/2024, 14:35:42.810,0.00063091
575, 11/28/2024, 14:35:43.822,0.00062976
576, 11/28/2024, 14:35:44.836,0.00062726
577, 11/28/2024, 14:35:45.846,0.00061967
578, 11/28/2024, 14:35:46.860,0.00061952
579, 11/28/2024, 14:35:47.868,0.00062521
580, 11/28/2024, 14:35:48.881,0.00062555
581, 11/28/2024, 14:35:49.159,0.00062485
582, 11/28/2024, 14:35:50.169,0.00062488
583, 11/28/2024, 14:35:51.183,0.0006217
584, 11/28/2024, 14:35:52.198,0.00062772
585, 11/28/2024, 14:35:53.209,0.00062254
586, 11/28/2024, 14:35:54.221,0.00062348
587, 11/28/2024, 14:35:55.230,0.00061955
588, 11/28/2024, 14:35:56.241,0.00061766
589, 11/28/2024, 14:35:57.243,0.00062566
590, 11/28/2024, 14:35:58.253,0.00062063
591, 11/28/2024, 14:35:59.265,0.0006257
592, 11/28/2024, 14:36:00.278,0.00062864
593, 11/28/2024, 14:36:01.291,0.00063182
594, 11/28/2024, 14:36:02.307,0.00062934
595, 11/28/2024, 14:36:03.322,0.00062704
596, 11/28/2024, 14:36:04.334,0.0006352
597, 11/28/2024, 14:36:05.348,0.0006372
598, 11/28/2024, 14:36:06.362,0.00063964
599, 11/28/2024, 14:36:07.376,0.00062515
600, 11/28/2024, 14:36:08.386,0.00062448
601, 11/28/2024, 14:36:09.399,0.00062368
602, 11/28/2024, 14:36:10.411,0.00062433
603, 11/28/2024, 14:36:11.430,0.00062735
604, 11/28/2024, 14:36:12.442,0.00062528
605, 11/28/2024, 14:36:13.454,0.00062171
606, 11/28/2024, 14:36:14.467,0.00062193
607, 11/28/2024, 14:36:15.479,0.00062396
608, 11/28/2024, 14:36:16.490,0.00061587
609, 11/28/2024, 14:36:17.516,0.00062216
610, 11/28/2024, 14:36:18.528,0.00062205
611, 11/28/2024, 14:36:19.543,0.00062506
612, 11/28/2024, 14:36:20.559,0.00062336
613, 11/28/2024, 14:36:21.572,0.00061926
614, 11/28/2024, 14:36:22.585,0.00062042
615, 11/28/2024, 14:36:23.597,0.00062087
616, 11/28/2024, 14:36:24.609,0.00061848
617, 11/28/2024, 14:36:25.622,0.00062814
618, 11/28/2024, 14:36:26.636,0.00062844
619, 11/28/2024, 14:36:27.648,0.00062332
620, 11/28/2024, 14:36:28.662,0.00061759
621, 11/28/2024, 14:36:29.675,0.00062201
622, 11/28/2024, 14:36:30.688,0.00062469
623, 11/28/2024, 14:36:31.699,0.00062305
624, 11/28/2024, 14:36:32.709,0.00061698
625, 11/28/2024, 14:36:33.717,0.00061359
626, 11/28/2024, 14:36:34.748,0.0006244
627, 11/28/2024, 14:36:35.761,0.00062271
628, 11/28/2024, 14:36:36.775,0.00062593
629, 11/28/2024, 14:36:37.791,0.00063029
630, 11/28/2024, 14:36:38.807,0.00062389
631, 11/28/2024, 14:36:39.828,0.00062711
632, 11/28/2024, 14:36:40.842,0.00063449
633, 11/28/2024, 14:36:41.853,0.00062796
634, 11/28/2024, 14:36:42.868,0.00062847
635, 11/28/2024, 14:36:43.878,0.00062656
636, 11/28/2024, 14:36:44.156,0.00062486
637, 11/28/2024, 14:36:45.167,0.00062611
638, 11/28/2024, 14:36:46.183,0.00062817
639, 11/28/2024, 14:36:47.193,0.00061769
640, 11/28/2024, 14:36:48.205,0.00062923
641, 11/28/2024, 14:36:49.219,0.00062814
642, 11/28/2024, 14:36:50.228,0.00062993
643, 11/28/2024, 14:36:51.240,0.00062757
644, 11/28/2024, 14:36:52.251,0.00063747
645, 11/28/2024, 14:36:53.265,0.00065117
646, 11/28/2024, 14:36:54.279,0.00064972
647, 11/28/2024, 14:36:55.289,0.00063967
648, 11/28/2024, 14:36:56.297,0.00063516
649, 11/28/2024, 14:36:57.311,0.00064025
650, 11/28/2024, 14:36:58.321,0.00063511
651, 11/28/2024, 14:36:59.336,0.00061036
652, 11/28/2024, 14:37:00.341,0.00061401
653, 11/28/2024, 14:37:01.352,0.00062418
654, 11/28/2024, 14:37:02.366,0.00062196
655, 11/28/2024, 14:37:03.381,0.0006174
656, 11/28/2024, 14:37:04.393,0.00062552
657, 11/28/2024, 14:37:05.403,0.0006394
658, 11/28/2024, 14:37:06.414,0.00063205
659, 11/28/2024, 14:37:07.431,0.0006308
660, 11/28/2024, 14:37:08.446,0.00062574
661, 11/28/2024, 14:37:09.457,0.00063562
662, 11/28/2024, 14:37:10.472,0.00063401
663, 11/28/2024, 14:37:11.482,0.00063824
664, 11/28/2024, 14:37:12.496,0.00063383
665, 11/28/2024, 14:37:13.511,0.00062741
666, 11/28/2024, 14:37:14.525,0.00062164
667, 11/28/2024, 14:37:15.541,0.00062872
668, 11/28/2024, 14:37:16.556,0.00064292
669, 11/28/2024, 14:37:17.570,0.00063737
670, 11/28/2024, 14:37:18.579,0.00063835
671, 11/28/2024, 14:37:19.597,0.00062948
672, 11/28/2024, 14:37:20.606,0.00062404
673, 11/28/2024, 14:37:21.618,0.00062984
674, 11/28/2024, 14:37:22.635,0.0006428
675, 11/28/2024, 14:37:23.647,0.00065899
676, 11/28/2024, 14:37:24.661,0.00062602
677, 11/28/2024, 14:37:25.677,0.00064559
678, 11/28/2024, 14:37:26.687,0.00062716
679, 11/28/2024, 14:37:27.696,0.00063179
680, 11/28/2024, 14:37:28.710,0.00063663
681, 11/28/2024, 14:37:29.722,0.0006364
682, 11/28/2024, 14:37:30.749,0.00062865
683, 11/28/2024, 14:37:31.760,0.00062531
684, 11/28/2024, 14:37:32.774,0.00063332
685, 11/28/2024, 14:37:33.792,0.00063076
686, 11/28/2024, 14:37:34.804,0.00064076
687, 11/28/2024, 14:37:35.815,0.0006344
688, 11/28/2024, 14:37:36.830,0.00062608
689, 11/28/2024, 14:37:37.840,0.00061862
690, 11/28/2024, 14:37:38.847,0.00062964
691, 11/28/2024, 14:37:39.862,0.00061863
692, 11/28/2024, 14:37:40.877,0.00063757
693, 11/28/2024, 14:37:41.154,0.0006255
694, 11/28/2024, 14:37:42.175,0.00061288
695, 11/28/2024, 14:37:43.187,0.00061844
696, 11/28/2024, 14:37:44.196,0.00062109
697, 11/28/2024, 14:37:45.214,0.0006249
698, 11/28/2024, 14:37:46.228,0.00062484
699, 11/28/2024, 14:37:47.239,0.00062087
700, 11/28/2024, 14:37:48.249,0.00062435
701, 11/28/2024, 14:37:49.275,0.0006241
702, 11/28/2024, 14:37:50.285,0.00062236
703, 11/28/2024, 14:37:51.302,0.00062118
704, 11/28/2024, 14:37:52.313,0.00062224
705, 11/28/2024, 14:37:53.324,0.00062672
706, 11/28/2024, 14:37:54.345,0.00061895
707, 11/28/2024, 14:37:55.360,0.0006176
708, 11/28/2024, 14:37:56.373,0.00061977
709, 11/28/2024, 14:37:57.389,0.00062232
710, 11/28/2024, 14:37:58.400,0.00062328
711, 11/28/2024, 14:37:59.410,0.00062495
712, 11/28/2024, 14:38:00.425,0.00062657
713, 11/28/2024, 14:38:01.435,0.00063036
714, 11/28/2024, 14:38:02.448,0.00063758
715, 11/28/2024, 14:38:03.462,0.0006315
716, 11/28/2024, 14:38:04.477,0.00063698
717, 11/28/2024, 14:38:05.488,0.00062784
718, 11/28/2024, 14:38:06.501,0.00062948
719, 11/28/2024, 14:38:07.511,0.00062714
720, 11/28/2024, 14:38:08.525,0.00063056
721, 11/28/2024, 14:38:09.538,0.00062519
722, 11/28/2024, 14:38:10.550,0.00062232
723, 11/28/2024, 14:38:11.561,0.00061876
724, 11/28/2024, 14:38:12.577,0.00061885
725, 11/28/2024, 14:38:13.588,0.00062134
726, 11/28/2024, 14:38:14.602,0.00063113
727, 11/28/2024, 14:38:15.614,0.00064861
728, 11/28/2024, 14:38:16.628,0.00062979
729, 11/28/2024, 14:38:17.639,0.00062761
730, 11/28/2024, 14:38:18.652,0.00062803
731, 11/28/2024, 14:38:19.664,0.00062841
732, 11/28/2024, 14:38:20.679,0.0006231
733, 11/28/2024, 14:38:21.692,0.00061942
734, 11/28/2024, 14:38:22.706,0.00061928
735, 11/28/2024, 14:38:23.719,0.0006204
736, 11/28/2024, 14:38:24.728,0.00061952
737, 11/28/2024, 14:38:25.737,0.00062182
738, 11/28/2024, 14:38:26.747,0.00061885
739, 11/28/2024, 14:38:27.759,0.00061878
740, 11/28/2024, 14:38:28.776,0.00062197
741, 11/28/2024, 14:38:29.789,0.00062658
742, 11/28/2024, 14:38:30.798,0.00064832
743, 11/28/2024, 14:38:31.812,0.00063766
744, 11/28/2024, 14:38:32.823,0.00064777
745, 11/28/2024, 14:38:33.842,0.00065115
746, 11/28/2024, 14:38:34.855,0.00064654
747, 11/28/2024, 14:38:35.866,0.00063162
748, 11/28/2024, 14:38:36.880,0.00062153
749, 11/28/2024, 14:38:37.132,0.00062447
750, 11/28/2024, 14:38:38.144,0.00062449
751, 11/28/2024, 14:38:39.158,0.000621
752, 11/28/2024, 14:38:40.169,0.00061924
753, 11/28/2024, 14:38:41.180,0.00061957
754, 11/28/2024, 14:38:42.196,0.00061978
755, 11/28/2024, 14:38:43.208,0.00062075
756, 11/28/2024, 14:38:44.224,0.00061963
757, 11/28/2024, 14:38:45.236,0.00062127
758, 11/28/2024, 14:38:46.250,0.00062297
759, 11/28/2024, 14:38:47.261,0.00062329
760, 11/28/2024, 14:38:48.273,0.00062081
761, 11/28/2024, 14:38:49.287,0.00062062
762, 11/28/2024, 14:38:50.300,0.00063621
763, 11/28/2024, 14:38:51.318,0.00063887
764, 11/28/2024, 14:38:52.332,0.00063399
765, 11/28/2024, 14:38:53.345,0.00063353
766, 11/28/2024, 14:38:54.360,0.00064673
767, 11/28/2024, 14:38:55.377,0.0006219
768, 11/28/2024, 14:38:56.389,0.00061889
769, 11/28/2024, 14:38:57.398,0.00063595
770, 11/28/2024, 14:38:58.410,0.00062891
771, 11/28/2024, 14:38:59.422,0.00061922
772, 11/28/2024, 14:39:00.437,0.00061835
773, 11/28/2024, 14:39:01.453,0.00061404
774, 11/28/2024, 14:39:02.464,0.00061472
775, 11/28/2024, 14:39:03.476,0.0006156
776, 11/28/2024, 14:39:04.490,0.00062665
777, 11/28/2024, 14:39:05.501,0.00061511
778, 11/28/2024, 14:39:06.515,0.00061877
779, 11/28/2024, 14:39:07.530,0.00062122
780, 11/28/2024, 14:39:08.545,0.00062227
781, 11/28/2024, 14:39:09.560,0.00061773
782, 11/28/2024, 14:39:10.570,0.0006191
783, 11/28/2024, 14:39:11.582,0.00062595
784, 11/28/2024, 14:39:12.594,0.00063635
785, 11/28/2024, 14:39:13.606,0.00063558
786, 11/28/2024, 14:39:14.615,0.00062987
787, 11/28/2024, 14:39:15.641,0.00062909
788, 11/28/2024, 14:39:16.655,0.00062056
789, 11/28/2024, 14:39:17.671,0.00062762
790, 11/28/2024, 14:39:18.683,0.000636
791, 11/28/2024, 14:39:19.702,0.00062941
792, 11/28/2024, 14:39:20.716,0.00063623
793, 11/28/2024, 14:39:21.731,0.0006223
794, 11/28/2024, 14:39:22.748,0.00062612
795, 11/28/2024, 14:39:23.760,0.00062484
796, 11/28/2024, 14:39:24.768,0.00062953
797, 11/28/2024, 14:39:25.785,0.00061995
798, 11/28/2024, 14:39:26.794,0.00062792
799, 11/28/2024, 14:39:27.806,0.00062158
800, 11/28/2024, 14:39:28.817,0.00062141
801, 11/28/2024, 14:39:29.832,0.000617
802, 11/28/2024, 14:39:30.847,0.0006189
803, 11/28/2024, 14:39:31.861,0.00062279
804, 11/28/2024, 14:39:32.877,0.00061735
805, 11/28/2024, 14:39:33.154,0.00061631
806, 11/28/2024, 14:39:34.167,0.00062099
807, 11/28/2024, 14:39:35.179,0.0006209
808, 11/28/2024, 14:39:36.189,0.00062369
809, 11/28/2024, 14:39:37.202,0.00063023
810, 11/28/2024, 14:39:38.210,0.00063477
811, 11/28/2024, 14:39:39.223,0.00062672
812, 11/28/2024, 14:39:40.242,0.00062582
813, 11/28/2024, 14:39:41.251,0.00062128
814, 11/28/2024, 14:39:42.262,0.00061946
815, 11/28/2024, 14:39:43.272,0.0006195
816, 11/28/2024, 14:39:44.286,0.00061987
817, 11/28/2024, 14:39:45.294,0.0006191
818, 11/28/2024, 14:39:46.306,0.00062123
819, 11/28/2024, 14:39:47.323,0.00061817
820, 11/28/2024, 14:39:48.337,0.000634
821, 11/28/2024, 14:39:49.347,0.00061325
822, 11/28/2024, 14:39:50.360,0.00061422
823, 11/28/2024, 14:39:51.370,0.00061926
824, 11/28/2024, 14:39:52.384,0.00062041
825, 11/28/2024, 14:39:53.393,0.00065261
826, 11/28/2024, 14:39:54.405,0.00064272
827, 11/28/2024, 14:39:55.420,0.00064997
828, 11/28/2024, 14:39:56.434,0.00065623
829, 11/28/2024, 14:39:57.446,0.00062483
830, 11/28/2024, 14:39:58.457,0.00062302
831, 11/28/2024, 14:39:59.475,0.00062785
832, 11/28/2024, 14:40:00.494,0.00062159
833, 11/28/2024, 14:40:01.513,0.00063331
834, 11/28/2024, 14:40:02.522,0.0006283
835, 11/28/2024, 14:40:03.541,0.00062411
836, 11/28/2024, 14:40:04.556,0.00064127
837, 11/28/2024, 14:40:05.569,0.00063638
838, 11/28/2024, 14:40:06.581,0.00063076
839, 11/28/2024, 14:40:07.591,0.00062197
840, 11/28/2024, 14:40:08.602,0.00062245
841, 11/28/2024, 14:40:09.618,0.00062171
842, 11/28/2024, 14:40:10.629,0.00062118
843, 11/28/2024, 14:40:11.643,0.00062327
844, 11/28/2024, 14:40:12.657,0.00062016
845, 11/28/2024, 14:40:13.668,0.00061893
846, 11/28/2024, 14:40:14.683,0.00061765
847, 11/28/2024, 14:40:15.693,0.00061859
848, 11/28/2024, 14:40:16.708,0.00061822
849, 11/28/2024, 14:40:17.723,0.00062695
850, 11/28/2024, 14:40:18.734,0.00062316
851, 11/28/2024, 14:40:19.745,0.00062496
852, 11/28/2024, 14:40:20.757,0.00065474
853, 11/28/2024, 14:40:21.771,0.00063552
854, 11/28/2024, 14:40:22.778,0.00064403
855, 11/28/2024, 14:40:23.791,0.00065423
856, 11/28/2024, 14:40:24.803,0.00064761
857, 11/28/2024, 14:40:25.816,0.00063212
858, 11/28/2024, 14:40:26.829,0.00062193
859, 11/28/2024, 14:40:27.840,0.0006103
860, 11/28/2024, 14:40:28.863,0.00061825
861, 11/28/2024, 14:40:29.872,0.00062407
862, 11/28/2024, 14:40:30.152,0.00060727
863, 11/28/2024, 14:40:31.159,0.00061292
864, 11/28/2024, 14:40:32.169,0.00061902
865, 11/28/2024, 14:40:33.192,0.00062788
866, 11/28/2024, 14:40:34.200,0.00060964
867, 11/28/2024, 14:40:35.220,0.00061725
868, 11/28/2024, 14:40:36.234,0.00061478
869, 11/28/2024, 14:40:37.248,0.00061566
870, 11/28/2024, 14:40:38.261,0.00061756
871, 11/28/2024, 14:40:39.288,0.00062198
872, 11/28/2024, 14:40:40.304,0.00062287
873, 11/28/2024, 14:40:41.322,0.0006602
874, 11/28/2024, 14:40:42.335,0.00064277
875, 11/28/2024, 14:40:43.346,0.0006259
876, 11/28/2024, 14:40:44.359,0.00062741
877, 11/28/2024, 14:40:45.377,0.00061468
878, 11/28/2024, 14:40:46.387,0.0006102
879, 11/28/2024, 14:40:47.401,0.00062282
880, 11/28/2024, 14:40:48.417,0.00061813
881, 11/28/2024, 14:40:49.425,0.00061911
882, 11/28/2024, 14:40:50.434,0.00063777
883, 11/28/2024, 14:40:51.443,0.00063294
884, 11/28/2024, 14:40:52.468,0.00061595
885, 11/28/2024, 14:40:53.486,0.00061611
886, 11/28/2024, 14:40:54.497,0.00061278
887, 11/28/2024, 14:40:55.510,0.00061182
888, 11/28/2024, 14:40:56.520,0.00061532
889, 11/28/2024, 14:40:57.534,0.00061629
890, 11/28/2024, 14:40:58.552,0.00061295
891, 11/28/2024, 14:40:59.563,0.00061077
892, 11/28/2024, 14:41:00.574,0.00060971
893, 11/28/2024, 14:41:01.584,0.00061363
894, 11/28/2024, 14:41:02.604,0.00061839
895, 11/28/2024, 14:41:03.625,0.00061427
896, 11/28/2024, 14:41:04.643,0.00061423
897, 11/28/2024, 14:41:05.654,0.00061845
898, 11/28/2024, 14:41:06.670,0.00061841
899, 11/28/2024, 14:41:07.683,0.00061042
900, 11/28/2024, 14:41:08.698,0.00061436
901, 11/28/2024, 14:41:09.713,0.00061022
902, 11/28/2024, 14:41:10.726,0.00061554
903, 11/28/2024, 14:41:11.736,0.00061636
904, 11/28/2024, 14:41:12.750,0.00061501
905, 11/28/2024, 14:41:13.770,0.00061634
906, 11/28/2024, 14:41:14.788,0.00061675
907, 11/28/2024, 14:41:15.801,0.00061364
908, 11/28/2024, 14:41:16.813,0.00062249
909, 11/28/2024, 14:41:17.830,0.00062158
910, 11/28/2024, 14:41:18.845,0.00061288
911, 11/28/2024, 14:41:19.870,0.00061144
912, 11/28/2024, 14:41:20.149,0.00061211
913, 11/28/2024, 14:41:21.162,0.00061562
914, 11/28/2024, 14:41:22.172,0.00061479
915, 11/28/2024, 14:41:23.187,0.00061259
916, 11/28/2024, 14:41:24.201,0.00061334
917, 11/28/2024, 14:41:25.210,0.00061843
918, 11/28/2024, 14:41:26.226,0.00063495
919, 11/28/2024, 14:41:27.239,0.00062127
920, 11/28/2024, 14:41:28.255,0.00064064
921, 11/28/2024, 14:41:29.266,0.00061845
922, 11/28/2024, 14:41:30.280,0.00062193
923, 11/28/2024, 14:41:31.294,0.00061327
924, 11/28/2024, 14:41:32.306,0.00062372
925, 11/28/2024, 14:41:33.322,0.00064691
926, 11/28/2024, 14:41:34.333,0.0006316
927, 11/28/2024, 14:41:35.344,0.00063143
928, 11/28/2024, 14:41:36.359,0.00062412
929, 11/28/2024, 14:41:37.375,0.00062322
930, 11/28/2024, 14:41:38.388,0.00062283
931, 11/28/2024, 14:41:39.399,0.0006235
932, 11/28/2024, 14:41:40.414,0.00062356
933, 11/28/2024, 14:41:41.424,0.00062431
934, 11/28/2024, 14:41:42.437,0.00064799
935, 11/28/2024, 14:41:43.450,0.00063328
936, 11/28/2024, 14:41:44.461,0.00063557
937, 11/28/2024, 14:41:45.475,0.0006281
938, 11/28/2024, 14:41:46.489,0.00062603
939, 11/28/2024, 14:41:47.501,0.00063148
940, 11/28/2024, 14:41:48.513,0.00062807
941, 11/28/2024, 14:41:49.529,0.00062744
942, 11/28/2024, 14:41:50.540,0.00063923
943, 11/28/2024, 14:41:51.556,0.00064105
944, 11/28/2024, 14:41:52.572,0.00063611
945, 11/28/2024, 14:41:53.583,0.00061843
946, 11/28/2024, 14:41:54.592,0.00062294
947, 11/28/2024, 14:41:55.603,0.0006362
948, 11/28/2024, 14:41:56.614,0.00062374
949, 11/28/2024, 14:41:57.624,0.00062749
950, 11/28/2024, 14:41:58.640,0.00062109
951, 11/28/2024, 14:41:59.650,0.00062357
952, 11/28/2024, 14:42:00.664,0.00065492
953, 11/28/2024, 14:42:01.674,0.00062766
954, 11/28/2024, 14:42:02.689,0.00063731
955, 11/28/2024, 14:42:03.701,0.00063138
956, 11/28/2024, 14:42:04.715,0.00062769
957, 11/28/2024, 14:42:05.729,0.00062325
958, 11/28/2024, 14:42:06.740,0.00062238
959, 11/28/2024, 14:42:07.754,0.00063296
960, 11/28/2024, 14:42:08.772,0.00061871
961, 11/28/2024, 14:42:09.786,0.00062149
962, 11/28/2024, 14:42:10.799,0.00061964
963, 11/28/2024, 14:42:11.808,0.00062421
964, 11/28/2024, 14:42:12.830,0.00062735
965, 11/28/2024, 14:42:13.842,0.0006296
966, 11/28/2024, 14:42:14.856,0.0006428
967, 11/28/2024, 14:42:15.867,0.00062879
968, 11/28/2024, 14:42:16.885,0.00063093
969, 11/28/2024, 14:42:17.162,0.00064552
970, 11/28/2024, 14:42:18.180,0.00062833
971, 11/28/2024, 14:42:19.192,0.00063664
972, 11/28/2024, 14:42:20.203,0.00063119
973, 11/28/2024, 14:42:21.217,0.00063439
974, 11/28/2024, 14:42:22.229,0.00062247
975, 11/28/2024, 14:42:23.241,0.0006242
976, 11/28/2024, 14:42:24.255,0.00062017
977, 11/28/2024, 14:42:25.266,0.00062309
978, 11/28/2024, 14:42:26.280,0.00062216
979, 11/28/2024, 14:42:27.297,0.00062435
980, 11/28/2024, 14:42:28.310,0.00063581
981, 11/28/2024, 14:42:29.323,0.00062883
982, 11/28/2024, 14:42:30.336,0.00063309
983, 11/28/2024, 14:42:31.346,0.00064054
984, 11/28/2024, 14:42:32.363,0.00064206
985, 11/28/2024, 14:42:33.372,0.00061561
986, 11/28/2024, 14:42:34.382,0.00061548
987, 11/28/2024, 14:42:35.397,0.00061482
988, 11/28/2024, 14:42:36.413,0.00061669
989, 11/28/2024, 14:42:37.428,0.00061707
990, 11/28/2024, 14:42:38.441,0.00061843
991, 11/28/2024, 14:42:39.456,0.00061935
992, 11/28/2024, 14:42:40.471,0.00061937
993, 11/28/2024, 14:42:41.480,0.00061692
994, 11/28/2024, 14:42:42.493,0.00062202
995, 11/28/2024, 14:42:43.507,0.00061685
996, 11/28/2024, 14:42:44.517,0.00061687
997, 11/28/2024, 14:42:45.528,0.0006171
998, 11/28/2024, 14:42:46.539,0.00061602
999, 11/28/2024, 14:42:47.553,0.00061384
1000, 11/28/2024, 14:42:48.564,0.00061363
1001, 11/28/2024, 14:42:49.573,0.0006152
1002, 11/28/2024, 14:42:50.584,0.00061565
1003, 11/28/2024, 14:42:51.602,0.00061978
1004, 11/28/2024, 14:42:52.614,0.00061966
1005, 11/28/2024, 14:42:53.629,0.00061746
1006, 11/28/2024, 14:42:54.641,0.00061965
1007, 11/28/2024, 14:42:55.651,0.0006201
1008, 11/28/2024, 14:42:56.662,0.00061818
1009, 11/28/2024, 14:42:57.674,0.00062123
1010, 11/28/2024, 14:42:58.687,0.00062242
1011, 11/28/2024, 14:42:59.710,0.00065154
1012, 11/28/2024, 14:43:00.722,0.00063116
1013, 11/28/2024, 14:43:01.738,0.00062245
1014, 11/28/2024, 14:43:02.753,0.00063062
1015, 11/28/2024, 14:43:03.767,0.00061484
1016, 11/28/2024, 14:43:04.779,0.00061311
1017, 11/28/2024, 14:43:05.795,0.00061396
1018, 11/28/2024, 14:43:06.800,0.00061422
1019, 11/28/2024, 14:43:07.812,0.00061857
1020, 11/28/2024, 14:43:08.825,0.00062066
1021, 11/28/2024, 14:43:09.837,0.0006158
1022, 11/28/2024, 14:43:10.852,0.00061844
1023, 11/28/2024, 14:43:11.863,0.00065141
1024, 11/28/2024, 14:43:12.877,0.00065678
1025, 11/28/2024, 14:43:13.154,0.00062335
1026, 11/28/2024, 14:43:14.167,0.00062699
1027, 11/28/2024, 14:43:15.180,0.00062399
1028, 11/28/2024, 14:43:16.189,0.00061454
1029, 11/28/2024, 14:43:17.201,0.00061479
1030, 11/28/2024, 14:43:18.211,0.00061633
1031, 11/28/2024, 14:43:19.227,0.00061485
1032, 11/28/2024, 14:43:20.245,0.00061493
1033, 11/28/2024, 14:43:21.257,0.00062552
1034, 11/28/2024, 14:43:22.267,0.00061593
1035, 11/28/2024, 14:43:23.283,0.00061019
1036, 11/28/2024, 14:43:24.298,0.00061361
1037, 11/28/2024, 14:43:25.317,0.00061571
1038, 11/28/2024, 14:43:26.332,0.00061622
1039, 11/28/2024, 14:43:27.346,0.00061652
1040, 11/28/2024, 14:43:28.360,0.00061677
1041, 11/28/2024, 14:43:29.371,0.00061535
1042, 11/28/2024, 14:43:30.383,0.00061913
1043, 11/28/2024, 14:43:31.399,0.00061819
1044, 11/28/2024, 14:43:32.413,0.00061632
1045, 11/28/2024, 14:43:33.426,0.00061576
1046, 11/28/2024, 14:43:34.438,0.00061487
1047, 11/28/2024, 14:43:35.451,0.000611
1048, 11/28/2024, 14:43:36.461,0.00061363
1049, 11/28/2024, 14:43:37.473,0.00061433
1050, 11/28/2024, 14:43:38.485,0.00061542
1051, 11/28/2024, 14:43:39.495,0.00061349
1052, 11/28/2024, 14:43:40.505,0.00061503
1053, 11/28/2024, 14:43:41.519,0.00061725
1054, 11/28/2024, 14:43:42.533,0.00062403
1055, 11/28/2024, 14:43:43.547,0.00063221
1056, 11/28/2024, 14:43:44.560,0.00062079
1057, 11/28/2024, 14:43:45.570,0.00062571
1058, 11/28/2024, 14:43:46.586,0.00062154
1059, 11/28/2024, 14:43:47.603,0.00061525
1060, 11/28/2024, 14:43:48.618,0.00061506
1061, 11/28/2024, 14:43:49.628,0.00061834
1062, 11/28/2024, 14:43:50.640,0.00061927
1063, 11/28/2024, 14:43:51.654,0.00062023
1064, 11/28/2024, 14:43:52.669,0.00061996
1065, 11/28/2024, 14:43:53.684,0.00063207
1066, 11/28/2024, 14:43:54.693,0.00062325
1067, 11/28/2024, 14:43:55.702,0.00062423
1068, 11/28/2024, 14:43:56.718,0.00062194
1069, 11/28/2024, 14:43:57.733,0.00062865
1070, 11/28/2024, 14:43:58.743,0.0006205
1071, 11/28/2024, 14:43:59.756,0.00061708
1072, 11/28/2024, 14:44:00.770,0.00061712
1073, 11/28/2024, 14:44:01.784,0.00061756
1074, 11/28/2024, 14:44:02.796,0.00061717
1075, 11/28/2024, 14:44:03.819,0.00061814
1076, 11/28/2024, 14:44:04.835,0.00062165
1077, 11/28/2024, 14:44:05.851,0.00062161
1078, 11/28/2024, 14:44:06.867,0.00063452
1079, 11/28/2024, 14:44:07.875,0.00061711
1080, 11/28/2024, 14:44:08.152,0.00061546
1081, 11/28/2024, 14:44:09.166,0.00061745
1082, 11/28/2024, 14:44:10.184,0.00061604
1083, 11/28/2024, 14:44:11.197,0.00060808
1084, 11/28/2024, 14:44:12.211,0.00061448
1085, 11/28/2024, 14:44:13.218,0.00061676
1086, 11/28/2024, 14:44:14.232,0.00061727
1087, 11/28/2024, 14:44:15.247,0.00061752
1088, 11/28/2024, 14:44:16.257,0.00061743
1089, 11/28/2024, 14:44:17.273,0.00061773
1090, 11/28/2024, 14:44:18.280,0.00062297
1091, 11/28/2024, 14:44:19.293,0.00061978
1092, 11/28/2024, 14:44:20.311,0.00061838
1093, 11/28/2024, 14:44:21.322,0.00061647
1094, 11/28/2024, 14:44:22.334,0.00062065
1095, 11/28/2024, 14:44:23.348,0.00061877
1096, 11/28/2024, 14:44:24.363,0.00062118
1097, 11/28/2024, 14:44:25.379,0.00062201
1098, 11/28/2024, 14:44:26.390,0.00061647
1099, 11/28/2024, 14:44:27.399,0.00061506
1100, 11/28/2024, 14:44:28.412,0.00061485
1101, 11/28/2024, 14:44:29.427,0.0006139
1102, 11/28/2024, 14:44:30.438,0.00061336
1103, 11/28/2024, 14:44:31.447,0.00061394
1104, 11/28/2024, 14:44:32.460,0.00061428
1105, 11/28/2024, 14:44:33.473,0.00061513
1106, 11/28/2024, 14:44:34.488,0.00061444
1107, 11/28/2024, 14:44:35.501,0.00061647
1108, 11/28/2024, 14:44:36.519,0.00061738
1109, 11/28/2024, 14:44:37.539,0.00061884
1110, 11/28/2024, 14:44:38.549,0.00061918
1111, 11/28/2024, 14:44:39.563,0.00061919
1112, 11/28/2024, 14:44:40.579,0.00061479
1113, 11/28/2024, 14:44:41.593,0.00061395
1114, 11/28/2024, 14:44:42.603,0.00062796
1115, 11/28/2024, 14:44:43.615,0.00063269
1116, 11/28/2024, 14:44:44.627,0.00062807
1117, 11/28/2024, 14:44:45.641,0.00063343
1118, 11/28/2024, 14:44:46.653,0.00060483
1119, 11/28/2024, 14:44:47.667,0.00060304
1120, 11/28/2024, 14:44:48.668,0.00061167
1121, 11/28/2024, 14:44:49.684,0.00060362
1122, 11/28/2024, 14:44:50.698,0.00060895
1123, 11/28/2024, 14:44:51.708,0.00060275
1124, 11/28/2024, 14:44:52.733,0.00060738
1125, 11/28/2024, 14:44:53.743,0.00061133
1126, 11/28/2024, 14:44:54.755,0.00060203
1127, 11/28/2024, 14:44:55.784,0.00060418
1128, 11/28/2024, 14:44:56.798,0.00060689
1129, 11/28/2024, 14:44:57.809,0.0006106
1130, 11/28/2024, 14:44:58.824,0.00061701
1131, 11/28/2024, 14:44:59.836,0.00062135
1132, 11/28/2024, 14:45:00.851,0.00061745
1133, 11/28/2024, 14:45:01.865,0.00061046
1134, 11/28/2024, 14:45:02.880,0.00061184
1135, 11/28/2024, 14:45:03.158,0.00060842
1136, 11/28/2024, 14:45:04.168,0.00061389
1137, 11/28/2024, 14:45:05.178,0.00062145
1138, 11/28/2024, 14:45:06.192,0.00061126
1139, 11/28/2024, 14:45:07.207,0.00060746
1140, 11/28/2024, 14:45:08.220,0.00060651
1141, 11/28/2024, 14:45:09.233,0.00060883
1142, 11/28/2024, 14:45:10.241,0.00061075
1143, 11/28/2024, 14:45:11.256,0.00061142
1144, 11/28/2024, 14:45:12.271,0.00061497
1145, 11/28/2024, 14:45:13.284,0.00061485
1146, 11/28/2024, 14:45:14.298,0.00060971
1147, 11/28/2024, 14:45:15.309,0.00060884
1148, 11/28/2024, 14:45:16.321,0.00061137
1149, 11/28/2024, 14:45:17.337,0.00061286
1150, 11/28/2024, 14:45:18.350,0.00061693
1151, 11/28/2024, 14:45:19.363,0.00061487
1152, 11/28/2024, 14:45:20.372,0.00060811
1153, 11/28/2024, 14:45:21.383,0.00060793
1154, 11/28/2024, 14:45:22.397,0.00061101
1155, 11/28/2024, 14:45:23.410,0.00061385
1156, 11/28/2024, 14:45:24.422,0.00061397
1157, 11/28/2024, 14:45:25.436,0.0006124
1158, 11/28/2024, 14:45:26.450,0.00061694
1159, 11/28/2024, 14:45:27.462,0.00061544
1160, 11/28/2024, 14:45:28.476,0.00061413
1161, 11/28/2024, 14:45:29.490,0.00060564
1162, 11/28/2024, 14:45:30.503,0.00060543
1163, 11/28/2024, 14:45:31.514,0.00060571
1164, 11/28/2024, 14:45:32.537,0.00060866
1165, 11/28/2024, 14:45:33.552,0.00061347
1166, 11/28/2024, 14:45:34.561,0.00061095
1167, 11/28/2024, 14:45:35.573,0.00061323
1168, 11/28/2024, 14:45:36.588,0.00061391
1169, 11/28/2024, 14:45:37.602,0.00060841
1170, 11/28/2024, 14:45:38.613,0.00060396
1171, 11/28/2024, 14:45:39.629,0.00061279
1172, 11/28/2024, 14:45:40.644,0.00061444
1173, 11/28/2024, 14:45:41.657,0.00060415
1174, 11/28/2024, 14:45:42.672,0.00060239
1175, 11/28/2024, 14:45:43.685,0.00059497
1176, 11/28/2024, 14:45:44.691,0.00060592
1177, 11/28/2024, 14:45:45.702,0.00060535
1178, 11/28/2024, 14:45:46.723,0.00061253
1179, 11/28/2024, 14:45:47.734,0.00061398
1180, 11/28/2024, 14:45:48.750,0.00061632
1181, 11/28/2024, 14:45:49.764,0.00061672
1182, 11/28/2024, 14:45:50.782,0.00061184
1183, 11/28/2024, 14:45:51.795,0.00061286
1184, 11/28/2024, 14:45:52.812,0.00060644
1185, 11/28/2024, 14:45:53.823,0.00061152
1186, 11/28/2024, 14:45:54.837,0.00061267
1187, 11/28/2024, 14:45:55.847,0.00060935
1188, 11/28/2024, 14:45:56.862,0.00061236
1189, 11/28/2024, 14:45:57.878,0.00061239
1190, 11/28/2024, 14:45:58.155,0.00061073
1191, 11/28/2024, 14:45:59.173,0.00061366
1192, 11/28/2024, 14:46:00.179,0.0006153
1193, 11/28/2024, 14:46:01.191,0.00061568
1194, 11/28/2024, 14:46:02.205,0.00061386
1195, 11/28/2024, 14:46:03.217,0.00061172
1196, 11/28/2024, 14:46:04.228,0.00061347
1197, 11/28/2024, 14:46:05.240,0.0006114
1198, 11/28/2024, 14:46:06.256,0.00061485
1199, 11/28/2024, 14:46:07.269,0.00061712
1200, 11/28/2024, 14:46:08.281,0.00061356
1201, 11/28/2024, 14:46:09.294,0.00061355
1202, 11/28/2024, 14:46:10.309,0.00060953
1203, 11/28/2024, 14:46:11.320,0.00061284
1204, 11/28/2024, 14:46:12.329,0.00061198
1205, 11/28/2024, 14:46:13.341,0.00061536
1206, 11/28/2024, 14:46:14.358,0.00061379
1207, 11/28/2024, 14:46:15.369,0.00061451
1208, 11/28/2024, 14:46:16.383,0.00061202
1209, 11/28/2024, 14:46:17.399,0.00060887
1210, 11/28/2024, 14:46:18.413,0.00061311
1211, 11/28/2024, 14:46:19.426,0.00061418
1212, 11/28/2024, 14:46:20.437,0.00061085
1213, 11/28/2024, 14:46:21.446,0.00061209
1214, 11/28/2024, 14:46:22.457,0.0006121
1215, 11/28/2024, 14:46:23.472,0.00061163
1216, 11/28/2024, 14:46:24.491,0.00061188
1217, 11/28/2024, 14:46:25.501,0.00061183
1218, 11/28/2024, 14:46:26.517,0.00061137
1219, 11/28/2024, 14:46:27.532,0.00061622
1220, 11/28/2024, 14:46:28.548,0.00061379
1221, 11/28/2024, 14:46:29.562,0.00061272
1222, 11/28/2024, 14:46:30.574,0.00061508
1223, 11/28/2024, 14:46:31.591,0.00061392
1224, 11/28/2024, 14:46:32.603,0.00061206
1225, 11/28/2024, 14:46:33.615,0.00061274
1226, 11/28/2024, 14:46:34.627,0.00061681
1227, 11/28/2024, 14:46:35.641,0.00062295
1228, 11/28/2024, 14:46:36.653,0.00062492
1229, 11/28/2024, 14:46:37.673,0.00061629
1230, 11/28/2024, 14:46:38.687,0.00061338
1231, 11/28/2024, 14:46:39.696,0.00061191
1232, 11/28/2024, 14:46:40.709,0.00061449
1233, 11/28/2024, 14:46:41.717,0.00061474
1234, 11/28/2024, 14:46:42.737,0.00062198
1235, 11/28/2024, 14:46:43.749,0.00060872
1236, 11/28/2024, 14:46:44.764,0.00060996
1237, 11/28/2024, 14:46:45.777,0.0006091
1238, 11/28/2024, 14:46:46.788,0.00060977
1239, 11/28/2024, 14:46:47.806,0.00063237
1240, 11/28/2024, 14:46:48.821,0.00063196
1241, 11/28/2024, 14:46:49.833,0.00062882
1242, 11/28/2024, 14:46:50.846,0.00061715
1243, 11/28/2024, 14:46:51.859,0.00061168
1244, 11/28/2024, 14:46:52.872,0.0006192
1245, 11/28/2024, 14:46:53.150,0.0006252
1246, 11/28/2024, 14:46:54.161,0.00063122
1247, 11/28/2024, 14:46:55.173,0.00062508
1248, 11/28/2024, 14:46:56.194,0.00061448
1249, 11/28/2024, 14:46:57.207,0.00060866
1250, 11/28/2024, 14:46:58.219,0.00060794
1251, 11/28/2024, 14:46:59.233,0.00060961
1252, 11/28/2024, 14:47:00.245,0.00061026
1253, 11/28/2024, 14:47:01.259,0.00061831
1254, 11/28/2024, 14:47:02.271,0.00063062
1255, 11/28/2024, 14:47:03.284,0.00060708
1256, 11/28/2024, 14:47:04.299,0.00060702
1257, 11/28/2024, 14:47:05.313,0.00061028
1258, 11/28/2024, 14:47:06.325,0.00061028
1259, 11/28/2024, 14:47:07.339,0.00061199
1260, 11/28/2024, 14:47:08.354,0.0006097
1261, 11/28/2024, 14:47:09.366,0.00060942
1262, 11/28/2024, 14:47:10.389,0.00060968
1263, 11/28/2024, 14:47:11.400,0.00060928
1264, 11/28/2024, 14:47:12.417,0.00061078
1265, 11/28/2024, 14:47:13.430,0.00060858
1266, 11/28/2024, 14:47:14.443,0.00061043
1267, 11/28/2024, 14:47:15.452,0.00061191
1268, 11/28/2024, 14:47:16.464,0.0006117
1269, 11/28/2024, 14:47:17.481,0.00060925
1270, 11/28/2024, 14:47:18.494,0.00061123
1271, 11/28/2024, 14:47:19.508,0.00061106
1272, 11/28/2024, 14:47:20.521,0.00060912
1273, 11/28/2024, 14:47:21.535,0.00061014
1274, 11/28/2024, 14:47:22.548,0.00061159
1275, 11/28/2024, 14:47:23.563,0.00061041
1276, 11/28/2024, 14:47:24.574,0.00060844
1277, 11/28/2024, 14:47:25.585,0.00061096
1278, 11/28/2024, 14:47:26.599,0.00061039
1279, 11/28/2024, 14:47:27.608,0.00060983
1280, 11/28/2024, 14:47:28.618,0.00061453
1281, 11/28/2024, 14:47:29.630,0.00061075
1282, 11/28/2024, 14:47:30.642,0.00060374
1283, 11/28/2024, 14:47:31.656,0.00061112
1284, 11/28/2024, 14:47:32.671,0.00061134
1285, 11/28/2024, 14:47:33.690,0.00061836
1286, 11/28/2024, 14:47:34.703,0.00061497
1287, 11/28/2024, 14:47:35.720,0.00061236
1288, 11/28/2024, 14:47:36.733,0.00061289
1289, 11/28/2024, 14:47:37.743,0.00061535
1290, 11/28/2024, 14:47:38.756,0.00062122
1291, 11/28/2024, 14:47:39.770,0.00062187
1292, 11/28/2024, 14:47:40.791,0.00060903
1293, 11/28/2024, 14:47:41.804,0.00060546
1294, 11/28/2024, 14:47:42.821,0.00062415
1295, 11/28/2024, 14:47:43.833,0.00065219
1296, 11/28/2024, 14:47:44.846,0.00063396
1297, 11/28/2024, 14:47:45.861,0.00061254
1298, 11/28/2024, 14:47:46.871,0.00061165
1299, 11/28/2024, 14:47:47.152,0.00060388
1300, 11/28/2024, 14:47:48.164,0.00060845
1301, 11/28/2024, 14:47:49.177,0.00061413
1302, 11/28/2024, 14:47:50.191,0.00061477
1303, 11/28/2024, 14:47:51.204,0.00061926
1304, 11/28/2024, 14:47:52.216,0.00061582
1305, 11/28/2024, 14:47:53.233,0.000619
1306, 11/28/2024, 14:47:54.252,0.00062325
1307, 11/28/2024, 14:47:55.266,0.00061548
1308, 11/28/2024, 14:47:56.280,0.0006115
1309, 11/28/2024, 14:47:57.296,0.00061616
1310, 11/28/2024, 14:47:58.306,0.00062595
1311, 11/28/2024, 14:47:59.316,0.00061909
1312, 11/28/2024, 14:48:00.331,0.00061242
1313, 11/28/2024, 14:48:01.343,0.00060848
1314, 11/28/2024, 14:48:02.360,0.00060407
1315, 11/28/2024, 14:48:03.373,0.00060913
1316, 11/28/2024, 14:48:04.386,0.00060786
1317, 11/28/2024, 14:48:05.400,0.000608
1318, 11/28/2024, 14:48:06.415,0.00060723
1319, 11/28/2024, 14:48:07.432,0.00060727
1320, 11/28/2024, 14:48:08.446,0.00061062
1321, 11/28/2024, 14:48:09.458,0.00060698
1322, 11/28/2024, 14:48:10.476,0.00060912
1323, 11/28/2024, 14:48:11.490,0.00061103
1324, 11/28/2024, 14:48:12.503,0.00061306
1325, 11/28/2024, 14:48:13.519,0.00061059
1326, 11/28/2024, 14:48:14.530,0.00061145
1327, 11/28/2024, 14:48:15.544,0.00061057
1328, 11/28/2024, 14:48:16.560,0.00061016
1329, 11/28/2024, 14:48:17.574,0.00061206
1330, 11/28/2024, 14:48:18.584,0.00061106
1331, 11/28/2024, 14:48:19.598,0.00061083
1332, 11/28/2024, 14:48:20.611,0.00061275
1333, 11/28/2024, 14:48:21.623,0.00061373
1334, 11/28/2024, 14:48:22.640,0.00061337
1335, 11/28/2024, 14:48:23.653,0.00061502
1336, 11/28/2024, 14:48:24.665,0.00062143
1337, 11/28/2024, 14:48:25.678,0.0006434
1338, 11/28/2024, 14:48:26.690,0.00062393
1339, 11/28/2024, 14:48:27.702,0.00060931
1340, 11/28/2024, 14:48:28.714,0.00060465
1341, 11/28/2024, 14:48:29.727,0.00062091
1342, 11/28/2024, 14:48:30.741,0.0006064
1343, 11/28/2024, 14:48:31.750,0.00061765
1344, 11/28/2024, 14:48:32.766,0.00061247
1345, 11/28/2024, 14:48:33.778,0.00060661
1346, 11/28/2024, 14:48:34.793,0.00060627
1347, 11/28/2024, 14:48:35.803,0.00061993
1348, 11/28/2024, 14:48:36.818,0.00061316
1349, 11/28/2024, 14:48:37.835,0.00063914
1350, 11/28/2024, 14:48:38.848,0.00062633
1351, 11/28/2024, 14:48:39.863,0.00062541
1352, 11/28/2024, 14:48:40.877,0.00060817
1353, 11/28/2024, 14:48:41.156,0.00061447
1354, 11/28/2024, 14:48:42.167,0.00062451
1355, 11/28/2024, 14:48:43.180,0.00061749
1356, 11/28/2024, 14:48:44.193,0.00061792
1357, 11/28/2024, 14:48:45.208,0.00062373
1358, 11/28/2024, 14:48:46.227,0.0006245
1359, 11/28/2024, 14:48:47.241,0.00064285
1360, 11/28/2024, 14:48:48.262,0.00062252
1361, 11/28/2024, 14:48:49.274,0.00060521
1362, 11/28/2024, 14:48:50.289,0.0006057
1363, 11/28/2024, 14:48:51.303,0.00061654
1364, 11/28/2024, 14:48:52.314,0.00061048
1365, 11/28/2024, 14:48:53.328,0.00062306
1366, 11/28/2024, 14:48:54.339,0.00060701
1367, 11/28/2024, 14:48:55.353,0.00061617
1368, 11/28/2024, 14:48:56.367,0.00064904
1369, 11/28/2024, 14:48:57.380,0.00062081
1370, 11/28/2024, 14:48:58.393,0.00061121
1371, 11/28/2024, 14:48:59.404,0.00061243
1372, 11/28/2024, 14:49:00.425,0.00060895
1373, 11/28/2024, 14:49:01.438,0.00060698
1374, 11/28/2024, 14:49:02.454,0.00060607
1375, 11/28/2024, 14:49:03.469,0.00061197
1376, 11/28/2024, 14:49:04.479,0.00061018
1377, 11/28/2024, 14:49:05.489,0.00062541
1378, 11/28/2024, 14:49:06.499,0.00063827
1379, 11/28/2024, 14:49:07.517,0.00062917
1380, 11/28/2024, 14:49:08.532,0.00061592
1381, 11/28/2024, 14:49:09.543,0.00061306
1382, 11/28/2024, 14:49:10.557,0.00061438
1383, 11/28/2024, 14:49:11.571,0.00061185
1384, 11/28/2024, 14:49:12.586,0.00063574
1385, 11/28/2024, 14:49:13.599,0.00064274
1386, 11/28/2024, 14:49:14.615,0.0006162
1387, 11/28/2024, 14:49:15.640,0.00060581
1388, 11/28/2024, 14:49:16.653,0.00060897
1389, 11/28/2024, 14:49:17.669,0.00060895
1390, 11/28/2024, 14:49:18.683,0.00060697
1391, 11/28/2024, 14:49:19.701,0.00060976
1392, 11/28/2024, 14:49:20.714,0.00060816
1393, 11/28/2024, 14:49:21.726,0.00060498
1394, 11/28/2024, 14:49:22.737,0.00060932
1395, 11/28/2024, 14:49:23.753,0.00060978
1396, 11/28/2024, 14:49:24.773,0.00061041
1397, 11/28/2024, 14:49:25.790,0.00062539
1398, 11/28/2024, 14:49:26.801,0.00061246
1399, 11/28/2024, 14:49:27.812,0.00061107
1400, 11/28/2024, 14:49:28.826,0.00061088
1401, 11/28/2024, 14:49:29.837,0.00064097
1402, 11/28/2024, 14:49:30.850,0.0006365
1403, 11/28/2024, 14:49:31.864,0.00064299
1404, 11/28/2024, 14:49:32.878,0.00060847
1405, 11/28/2024, 14:49:33.156,0.00060642
1406, 11/28/2024, 14:49:34.168,0.00061208
1407, 11/28/2024, 14:49:35.181,0.00063312
1408, 11/28/2024, 14:49:36.191,0.00061467
1409, 11/28/2024, 14:49:37.205,0.00062075
1410, 11/28/2024, 14:49:38.215,0.00062609
1411, 11/28/2024, 14:49:39.232,0.00061428
1412, 11/28/2024, 14:49:40.245,0.00061351
1413, 11/28/2024, 14:49:41.259,0.0006143
1414, 11/28/2024, 14:49:42.273,0.00061429
1415, 11/28/2024, 14:49:43.289,0.00061383
1416, 11/28/2024, 14:49:44.298,0.00061467
1417, 11/28/2024, 14:49:45.314,0.00061266
1418, 11/28/2024, 14:49:46.327,0.00061381
1419, 11/28/2024, 14:49:47.343,0.00062336
1420, 11/28/2024, 14:49:48.355,0.00061298
1421, 11/28/2024, 14:49:49.368,0.00061904
1422, 11/28/2024, 14:49:50.389,0.00061411
1423, 11/28/2024, 14:49:51.402,0.00060173
1424, 11/28/2024, 14:49:52.419,0.00060108
1425, 11/28/2024, 14:49:53.438,0.00060937
1426, 11/28/2024, 14:49:54.453,0.00060715
1427, 11/28/2024, 14:49:55.466,0.00060973
1428, 11/28/2024, 14:49:56.478,0.00060996
1429, 11/28/2024, 14:49:57.492,0.00061182
1430, 11/28/2024, 14:49:58.505,0.00062641
1431, 11/28/2024, 14:49:59.518,0.00060718
1432, 11/28/2024, 14:50:00.531,0.00061084
1433, 11/28/2024, 14:50:01.542,0.00061097
1434, 11/28/2024, 14:50:02.558,0.00060818
1435, 11/28/2024, 14:50:03.568,0.0006106
1436, 11/28/2024, 14:50:04.578,0.00061499
1437, 11/28/2024, 14:50:05.590,0.00061055
1438, 11/28/2024, 14:50:06.604,0.00060941
1439, 11/28/2024, 14:50:07.617,0.00061358
1440, 11/28/2024, 14:50:08.631,0.00061406
1441, 11/28/2024, 14:50:09.645,0.00060573
1442, 11/28/2024, 14:50:10.660,0.00061293
1443, 11/28/2024, 14:50:11.679,0.00061288
1444, 11/28/2024, 14:50:12.691,0.00061432
1445, 11/28/2024, 14:50:13.705,0.00061553
1446, 11/28/2024, 14:50:14.714,0.00061452
1447, 11/28/2024, 14:50:15.726,0.00062003
1448, 11/28/2024, 14:50:16.745,0.000619
1449, 11/28/2024, 14:50:17.756,0.00062523
1450, 11/28/2024, 14:50:18.769,0.00062524
1451, 11/28/2024, 14:50:19.784,0.00062246
1452, 11/28/2024, 14:50:20.797,0.00061581
1453, 11/28/2024, 14:50:21.811,0.00061401
1454, 11/28/2024, 14:50:22.826,0.00061457
1455, 11/28/2024, 14:50:23.842,0.00062003
1456, 11/28/2024, 14:50:24.857,0.00061795
1457, 11/28/2024, 14:50:25.868,0.0006152
1458, 11/28/2024, 14:50:26.880,0.00061459
1459, 11/28/2024, 14:50:27.158,0.000623
1460, 11/28/2024, 14:50:28.172,0.00063758
1461, 11/28/2024, 14:50:29.197,0.00064403
1462, 11/28/2024, 14:50:30.214,0.00062579
1463, 11/28/2024, 14:50:31.225,0.00062264
1464, 11/28/2024, 14:50:32.237,0.00062306
1465, 11/28/2024, 14:50:33.249,0.00060819
1466, 11/28/2024, 14:50:34.261,0.00061767
1467, 11/28/2024, 14:50:35.278,0.0006352
1468, 11/28/2024, 14:50:36.290,0.00062272
1469, 11/28/2024, 14:50:37.305,0.0006251
1470, 11/28/2024, 14:50:38.319,0.00061552
1471, 11/28/2024, 14:50:39.333,0.00060819
1472, 11/28/2024, 14:50:40.346,0.00060879
1473, 11/28/2024, 14:50:41.359,0.00060711
1474, 11/28/2024, 14:50:42.371,0.00060388
1475, 11/28/2024, 14:50:43.380,0.00060579
1476, 11/28/2024, 14:50:44.393,0.00060927
1477, 11/28/2024, 14:50:45.408,0.00061005
1478, 11/28/2024, 14:50:46.426,0.00060377
1479, 11/28/2024, 14:50:47.438,0.00059827
1480, 11/28/2024, 14:50:48.453,0.00060625
1481, 11/28/2024, 14:50:49.468,0.00061234
1482, 11/28/2024, 14:50:50.480,0.00060915
1483, 11/28/2024, 14:50:51.492,0.00061071
1484, 11/28/2024, 14:50:52.504,0.00060557
1485, 11/28/2024, 14:50:53.517,0.00060941
1486, 11/28/2024, 14:50:54.527,0.00064791
1487, 11/28/2024, 14:50:55.540,0.00063212
1488, 11/28/2024, 14:50:56.554,0.00064424
1489, 11/28/2024, 14:50:57.572,0.00063612
1490, 11/28/2024, 14:50:58.585,0.00062484
1491, 11/28/2024, 14:50:59.593,0.000639
1492, 11/28/2024, 14:51:00.610,0.00063438
1493, 11/28/2024, 14:51:01.631,0.00062489
1494, 11/28/2024, 14:51:02.641,0.00062399
1495, 11/28/2024, 14:51:03.668,0.00062845
1496, 11/28/2024, 14:51:04.680,0.00062373
1497, 11/28/2024, 14:51:05.691,0.00062585
1498, 11/28/2024, 14:51:06.709,0.00061696
1499, 11/28/2024, 14:51:07.722,0.00061405
1500, 11/28/2024, 14:51:08.735,0.00061265
1501, 11/28/2024, 14:51:09.746,0.00062307
1502, 11/28/2024, 14:51:10.762,0.00064439
1503, 11/28/2024, 14:51:11.784,0.00063965
1504, 11/28/2024, 14:51:12.796,0.00062303
1505, 11/28/2024, 14:51:13.809,0.00061576
1506, 11/28/2024, 14:51:14.822,0.00061135
1507, 11/28/2024, 14:51:15.840,0.00061008
1508, 11/28/2024, 14:51:16.850,0.00060962
1509, 11/28/2024, 14:51:17.866,0.00061092
1510, 11/28/2024, 14:51:18.880,0.00061406
1511, 11/28/2024, 14:51:19.161,0.00064173
1512, 11/28/2024, 14:51:20.173,0.00062795
1513, 11/28/2024, 14:51:21.187,0.00061617
1514, 11/28/2024, 14:51:22.198,0.00061457
1515, 11/28/2024, 14:51:23.209,0.00061676
1516, 11/28/2024, 14:51:24.223,0.00061517
1517, 11/28/2024, 14:51:25.235,0.00064616
1518, 11/28/2024, 14:51:26.255,0.00062268
1519, 11/28/2024, 14:51:27.268,0.00061388
1520, 11/28/2024, 14:51:28.281,0.00061213
1521, 11/28/2024, 14:51:29.295,0.00060776
1522, 11/28/2024, 14:51:30.310,0.00060845
1523, 11/28/2024, 14:51:31.325,0.00060622
1524, 11/28/2024, 14:51:32.342,0.00060819
1525, 11/28/2024, 14:51:33.357,0.00061199
1526, 11/28/2024, 14:51:34.376,0.00061234
1527, 11/28/2024, 14:51:35.390,0.00061421
1528, 11/28/2024, 14:51:36.407,0.00061421
1529, 11/28/2024, 14:51:37.431,0.00060629
1530, 11/28/2024, 14:51:38.445,0.00061142
1531, 11/28/2024, 14:51:39.459,0.00060641
1532, 11/28/2024, 14:51:40.473,0.00061736
1533, 11/28/2024, 14:51:41.485,0.00061813
1534, 11/28/2024, 14:51:42.497,0.00061536
1535, 11/28/2024, 14:51:43.508,0.00062114
1536, 11/28/2024, 14:51:44.527,0.0006147
1537, 11/28/2024, 14:51:45.541,0.00061386
1538, 11/28/2024, 14:51:46.555,0.00061526
1539, 11/28/2024, 14:51:47.569,0.00061883
1540, 11/28/2024, 14:51:48.579,0.00060785
1541, 11/28/2024, 14:51:49.591,0.00061254
1542, 11/28/2024, 14:51:50.601,0.00061279
1543, 11/28/2024, 14:51:51.617,0.00061281
1544, 11/28/2024, 14:51:52.629,0.00061195
1545, 11/28/2024, 14:51:53.640,0.00061479
1546, 11/28/2024, 14:51:54.654,0.00061211
1547, 11/28/2024, 14:51:55.665,0.00061087
1548, 11/28/2024, 14:51:56.678,0.00061914
1549, 11/28/2024, 14:51:57.692,0.00061543
1550, 11/28/2024, 14:51:58.712,0.00061399
1551, 11/28/2024, 14:51:59.723,0.0006105
1552, 11/28/2024, 14:52:00.743,0.00060971
1553, 11/28/2024, 14:52:01.756,0.00061086
1554, 11/28/2024, 14:52:02.766,0.00061227
1555, 11/28/2024, 14:52:03.778,0.00061536
1556, 11/28/2024, 14:52:04.792,0.00062522
1557, 11/28/2024, 14:52:05.807,0.00065434
1558, 11/28/2024, 14:52:06.821,0.00062657
1559, 11/28/2024, 14:52:07.835,0.00062704
1560, 11/28/2024, 14:52:08.848,0.00062263
1561, 11/28/2024, 14:52:09.862,0.00061924
1562, 11/28/2024, 14:52:10.871,0.00061774
1563, 11/28/2024, 14:52:11.149,0.00062039
1564, 11/28/2024, 14:52:12.162,0.00061609
1565, 11/28/2024, 14:52:13.172,0.0006296
1566, 11/28/2024, 14:52:14.184,0.00063328
1567, 11/28/2024, 14:52:15.198,0.0006185
1568, 11/28/2024, 14:52:16.212,0.00063264
1569, 11/28/2024, 14:52:17.221,0.00064216
1570, 11/28/2024, 14:52:18.238,0.00062166
1571, 11/28/2024, 14:52:19.252,0.00061808
1572, 11/28/2024, 14:52:20.265,0.00063225
1573, 11/28/2024, 14:52:21.287,0.00061356
1574, 11/28/2024, 14:52:22.303,0.0006113
1575, 11/28/2024, 14:52:23.319,0.00061872
1576, 11/28/2024, 14:52:24.330,0.00061621
1577, 11/28/2024, 14:52:25.352,0.00061842
1578, 11/28/2024, 14:52:26.365,0.00061479
1579, 11/28/2024, 14:52:27.378,0.00063137
1580, 11/28/2024, 14:52:28.391,0.00062206
1581, 11/28/2024, 14:52:29.403,0.00061927
1582, 11/28/2024, 14:52:30.420,0.00062123
1583, 11/28/2024, 14:52:31.433,0.0006163
1584, 11/28/2024, 14:52:32.442,0.00062382
1585, 11/28/2024, 14:52:33.456,0.00062111
1586, 11/28/2024, 14:52:34.470,0.0006116
1587, 11/28/2024, 14:52:35.480,0.00062086
1588, 11/28/2024, 14:52:36.492,0.00060458
1589, 11/28/2024, 14:52:37.505,0.00061013
1590, 11/28/2024, 14:52:38.519,0.00060666
1591, 11/28/2024, 14:52:39.534,0.00060288
1592, 11/28/2024, 14:52:40.554,0.00060323
1593, 11/28/2024, 14:52:41.568,0.00061995
1594, 11/28/2024, 14:52:42.581,0.00060527
1595, 11/28/2024, 14:52:43.601,0.00060559
1596, 11/28/2024, 14:52:44.618,0.00060369
1597, 11/28/2024, 14:52:45.633,0.00061111
1598, 11/28/2024, 14:52:46.649,0.00061621
1599, 11/28/2024, 14:52:47.666,0.00060985
1600, 11/28/2024, 14:52:48.677,0.00061561
1601, 11/28/2024, 14:52:49.692,0.00061374
1602, 11/28/2024, 14:52:50.706,0.00061671
1603, 11/28/2024, 14:52:51.714,0.00060903
1604, 11/28/2024, 14:52:52.730,0.00060153
1605, 11/28/2024, 14:52:53.742,0.00061655
1606, 11/28/2024, 14:52:54.754,0.0006148
1607, 11/28/2024, 14:52:55.769,0.00062415
1608, 11/28/2024, 14:52:56.784,0.00062177
1609, 11/28/2024, 14:52:57.794,0.00061528
1610, 11/28/2024, 14:52:58.805,0.0006139
1611, 11/28/2024, 14:52:59.815,0.00062157
1612, 11/28/2024, 14:53:00.830,0.00064854
1613, 11/28/2024, 14:53:01.850,0.00062476
1614, 11/28/2024, 14:53:02.868,0.00060706
1615, 11/28/2024, 14:53:03.884,0.00061446
1616, 11/28/2024, 14:53:04.162,0.00062902
1617, 11/28/2024, 14:53:05.182,0.00062279
1618, 11/28/2024, 14:53:06.190,0.0006461
1619, 11/28/2024, 14:53:07.208,0.00064769
1620, 11/28/2024, 14:53:08.227,0.00063229
1621, 11/28/2024, 14:53:09.238,0.00062581
1622, 11/28/2024, 14:53:10.247,0.0006272
1623, 11/28/2024, 14:53:11.262,0.00062195
1624, 11/28/2024, 14:53:12.275,0.00062753
1625, 11/28/2024, 14:53:13.287,0.00062496
1626, 11/28/2024, 14:53:14.297,0.00061884
1627, 11/28/2024, 14:53:15.312,0.00062585
1628, 11/28/2024, 14:53:16.328,0.00061341
1629, 11/28/2024, 14:53:17.346,0.0006208
1630, 11/28/2024, 14:53:18.360,0.00061151
1631, 11/28/2024, 14:53:19.381,0.00061989
1632, 11/28/2024, 14:53:20.391,0.00060505
1633, 11/28/2024, 14:53:21.404,0.00061205
1634, 11/28/2024, 14:53:22.417,0.00063025
1635, 11/28/2024, 14:53:23.432,0.00064445
1636, 11/28/2024, 14:53:24.449,0.00060984
1637, 11/28/2024, 14:53:25.465,0.00061303
1638, 11/28/2024, 14:53:26.479,0.00061684
1639, 11/28/2024, 14:53:27.489,0.000631
1640, 11/28/2024, 14:53:28.503,0.00062776
1641, 11/28/2024, 14:53:29.513,0.00061304
1642, 11/28/2024, 14:53:30.523,0.00061131
1643, 11/28/2024, 14:53:31.536,0.00062205
1644, 11/28/2024, 14:53:32.549,0.00062407
1645, 11/28/2024, 14:53:33.560,0.00062401
1646, 11/28/2024, 14:53:34.571,0.00061517
1647, 11/28/2024, 14:53:35.582,0.00061528
1648, 11/28/2024, 14:53:36.594,0.00062784
1649, 11/28/2024, 14:53:37.607,0.00062639
1650, 11/28/2024, 14:53:38.622,0.00063346
1651, 11/28/2024, 14:53:39.636,0.00061818
1652, 11/28/2024, 14:53:40.648,0.00062444
1653, 11/28/2024, 14:53:41.665,0.00062262
1654, 11/28/2024, 14:53:42.685,0.00062679
1655, 11/28/2024, 14:53:43.694,0.00061834
1656, 11/28/2024, 14:53:44.707,0.00062528
1657, 11/28/2024, 14:53:45.719,0.00062611
1658, 11/28/2024, 14:53:46.730,0.00061403
1659, 11/28/2024, 14:53:47.743,0.00061644
1660, 11/28/2024, 14:53:48.757,0.0006172
1661, 11/28/2024, 14:53:49.771,0.00061761
1662, 11/28/2024, 14:53:50.782,0.00061433
1663, 11/28/2024, 14:53:51.794,0.00061157
1664, 11/28/2024, 14:53:52.811,0.00061705
1665, 11/28/2024, 14:53:53.824,0.00060752
1666, 11/28/2024, 14:53:54.840,0.00062296
1667, 11/28/2024, 14:53:55.855,0.00062531
1668, 11/28/2024, 14:53:56.871,0.00061784
1669, 11/28/2024, 14:53:57.150,0.00061715
1670, 11/28/2024, 14:53:58.162,0.00061362
1671, 11/28/2024, 14:53:59.177,0.00061232
1672, 11/28/2024, 14:54:00.191,0.0006177
1673, 11/28/2024, 14:54:01.202,0.0006247
1674, 11/28/2024, 14:54:02.215,0.00063315
1675, 11/28/2024, 14:54:03.229,0.00063928
1676, 11/28/2024, 14:54:04.241,0.00062708
1677, 11/28/2024, 14:54:05.255,0.0006222
1678, 11/28/2024, 14:54:06.267,0.00061401
1679, 11/28/2024, 14:54:07.284,0.00061878
1680, 11/28/2024, 14:54:08.302,0.00061389
1681, 11/28/2024, 14:54:09.315,0.00061426
1682, 11/28/2024, 14:54:10.329,0.00062036
1683, 11/28/2024, 14:54:11.344,0.00063304
1684, 11/28/2024, 14:54:12.356,0.00062255
1685, 11/28/2024, 14:54:13.369,0.00062052
1686, 11/28/2024, 14:54:14.379,0.00061582
1687, 11/28/2024, 14:54:15.395,0.00062024
1688, 11/28/2024, 14:54:16.404,0.00061966
1689, 11/28/2024, 14:54:17.416,0.00061821
1690, 11/28/2024, 14:54:18.432,0.00063859
1691, 11/28/2024, 14:54:19.444,0.00064341
1692, 11/28/2024, 14:54:20.460,0.00063613
1693, 11/28/2024, 14:54:21.472,0.00062099
1694, 11/28/2024, 14:54:22.492,0.0006186
1695, 11/28/2024, 14:54:23.506,0.00062893
1696, 11/28/2024, 14:54:24.521,0.00062828
1697, 11/28/2024, 14:54:25.539,0.00063335
1698, 11/28/2024, 14:54:26.557,0.00062699
1699, 11/28/2024, 14:54:27.570,0.00062011
1700, 11/28/2024, 14:54:28.587,0.00061854
1701, 11/28/2024, 14:54:29.595,0.00061755
1702, 11/28/2024, 14:54:30.608,0.00061886
1703, 11/28/2024, 14:54:31.620,0.00062923
1704, 11/28/2024, 14:54:32.634,0.00062109
1705, 11/28/2024, 14:54:33.649,0.00062519
1706, 11/28/2024, 14:54:34.665,0.000634
1707, 11/28/2024, 14:54:35.677,0.00063287
1708, 11/28/2024, 14:54:36.691,0.0006106
1709, 11/28/2024, 14:54:37.704,0.00060863
1710, 11/28/2024, 14:54:38.720,0.00060326
1711, 11/28/2024, 14:54:39.733,0.00060803
1712, 11/28/2024, 14:54:40.743,0.00061141
1713, 11/28/2024, 14:54:41.755,0.0006085
1714, 11/28/2024, 14:54:42.768,0.00061233
1715, 11/28/2024, 14:54:43.783,0.00060584
1716, 11/28/2024, 14:54:44.797,0.00060813
1717, 11/28/2024, 14:54:45.813,0.00061029
1718, 11/28/2024, 14:54:46.833,0.00060947
1719, 11/28/2024, 14:54:47.846,0.00060915
1720, 11/28/2024, 14:54:48.859,0.00060854
1721, 11/28/2024, 14:54:49.873,0.00062424
1722, 11/28/2024, 14:54:50.150,0.00065034
1723, 11/28/2024, 14:54:51.167,0.00062412
1724, 11/28/2024, 14:54:52.184,0.00064152
1725, 11/28/2024, 14:54:53.198,0.00063258
1726, 11/28/2024, 14:54:54.213,0.00062713
1727, 11/28/2024, 14:54:55.228,0.00063766
1728, 11/28/2024, 14:54:56.239,0.00064787
1729, 11/28/2024, 14:54:57.252,0.00061342
1730, 11/28/2024, 14:54:58.266,0.00062345
1731, 11/28/2024, 14:54:59.282,0.00063375
1732, 11/28/2024, 14:55:00.293,0.00061325
1733, 11/28/2024, 14:55:01.311,0.00060811
1734, 11/28/2024, 14:55:02.324,0.00060803
1735, 11/28/2024, 14:55:03.335,0.00060902
1736, 11/28/2024, 14:55:04.348,0.00061243
1737, 11/28/2024, 14:55:05.356,0.00061239
1738, 11/28/2024, 14:55:06.368,0.00061251
1739, 11/28/2024, 14:55:07.379,0.00061575
1740, 11/28/2024, 14:55:08.396,0.00061568
1741, 11/28/2024, 14:55:09.411,0.00061366
1742, 11/28/2024, 14:55:10.430,0.00061432
1743, 11/28/2024, 14:55:11.443,0.00061332
1744, 11/28/2024, 14:55:12.457,0.00060793
1745, 11/28/2024, 14:55:13.473,0.00061658
1746, 11/28/2024, 14:55:14.489,0.00062378
1747, 11/28/2024, 14:55:15.506,0.00063698
1748, 11/28/2024, 14:55:16.517,0.00062542
1749, 11/28/2024, 14:55:17.536,0.00062385
1750, 11/28/2024, 14:55:18.550,0.00061106
1751, 11/28/2024, 14:55:19.567,0.00061086
1752, 11/28/2024, 14:55:20.580,0.00060968
1753, 11/28/2024, 14:55:21.594,0.00061215
1754, 11/28/2024, 14:55:22.608,0.00061015
1755, 11/28/2024, 14:55:23.622,0.00061095
1756, 11/28/2024, 14:55:24.647,0.00061392
1757, 11/28/2024, 14:55:25.659,0.00061302
1758, 11/28/2024, 14:55:26.675,0.00061549
1759, 11/28/2024, 14:55:27.686,0.00061633
1760, 11/28/2024, 14:55:28.699,0.00061192
1761, 11/28/2024, 14:55:29.712,0.00061236
1762, 11/28/2024, 14:55:30.723,0.00061944
1763, 11/28/2024, 14:55:31.738,0.00062869
1764, 11/28/2024, 14:55:32.750,0.00062126
1765, 11/28/2024, 14:55:33.763,0.0006259
1766, 11/28/2024, 14:55:34.775,0.00063145
1767, 11/28/2024, 14:55:35.786,0.00061645
1768, 11/28/2024, 14:55:36.798,0.00063075
1769, 11/28/2024, 14:55:37.810,0.00063372
1770, 11/28/2024, 14:55:38.824,0.00062526
1771, 11/28/2024, 14:55:39.839,0.0006162
1772, 11/28/2024, 14:55:40.856,0.00063447
1773, 11/28/2024, 14:55:41.871,0.00062264
1774, 11/28/2024, 14:55:42.148,0.00063006
1775, 11/28/2024, 14:55:43.160,0.00062146
1776, 11/28/2024, 14:55:44.174,0.00062176
1777, 11/28/2024, 14:55:45.190,0.00062296
1778, 11/28/2024, 14:55:46.209,0.00062324
1779, 11/28/2024, 14:55:47.222,0.00062376
1780, 11/28/2024, 14:55:48.235,0.00061779
1781, 11/28/2024, 14:55:49.248,0.00061418
1782, 11/28/2024, 14:55:50.264,0.00061657
1783, 11/28/2024, 14:55:51.277,0.00061554
1784, 11/28/2024, 14:55:52.288,0.00061425
1785, 11/28/2024, 14:55:53.301,0.00061662
1786, 11/28/2024, 14:55:54.316,0.00061375
1787, 11/28/2024, 14:55:55.329,0.00061068
1788, 11/28/2024, 14:55:56.345,0.00061623
1789, 11/28/2024, 14:55:57.358,0.0006181
1790, 11/28/2024, 14:55:58.368,0.00062426
1791, 11/28/2024, 14:55:59.383,0.00062535
1792, 11/28/2024, 14:56:00.400,0.000623
1793, 11/28/2024, 14:56:01.412,0.00061863
1794, 11/28/2024, 14:56:02.425,0.00061918
1795, 11/28/2024, 14:56:03.434,0.00061684
1796, 11/28/2024, 14:56:04.450,0.0006205
1797, 11/28/2024, 14:56:05.463,0.00061965
1798, 11/28/2024, 14:56:06.478,0.00061641
1799, 11/28/2024, 14:56:07.493,0.00061485
1800, 11/28/2024, 14:56:08.508,0.00061698
1801, 11/28/2024, 14:56:09.521,0.00061871
1802, 11/28/2024, 14:56:10.537,0.00062027
1803, 11/28/2024, 14:56:11.554,0.00062993
1804, 11/28/2024, 14:56:12.572,0.00064226
1805, 11/28/2024, 14:56:13.585,0.00064253
1806, 11/28/2024, 14:56:14.602,0.0006205
1807, 11/28/2024, 14:56:15.618,0.00064029
1808, 11/28/2024, 14:56:16.631,0.00064088
1809, 11/28/2024, 14:56:17.644,0.00062659
1810, 11/28/2024, 14:56:18.662,0.00061664
