Samples ,Date (MM/dd/yyyy) ,Time of day (hh:mm:ss) ,Power (W)
0, 11/28/2024, 13:09:26.676,0.00032211
1, 11/28/2024, 13:09:28.068,0.00032201
2, 11/28/2024, 13:09:29.093,0.00032212
3, 11/28/2024, 13:09:30.119,0.00032216
4, 11/28/2024, 13:09:31.148,0.00032227
5, 11/28/2024, 13:09:32.151,0.00032225
6, 11/28/2024, 13:09:33.168,0.00032215
7, 11/28/2024, 13:09:34.182,0.00032221
8, 11/28/2024, 13:09:35.193,0.00032219
9, 11/28/2024, 13:09:36.204,0.00032213
10, 11/28/2024, 13:09:37.216,0.00032205
11, 11/28/2024, 13:09:38.226,0.00032218
12, 11/28/2024, 13:09:39.240,0.00032224
13, 11/28/2024, 13:09:40.254,0.0003223
14, 11/28/2024, 13:09:41.279,0.00032239
15, 11/28/2024, 13:09:42.307,0.0003224
16, 11/28/2024, 13:09:43.328,0.00032237
17, 11/28/2024, 13:09:44.352,0.00032245
18, 11/28/2024, 13:09:45.356,0.0003224
19, 11/28/2024, 13:09:46.370,0.00032229
20, 11/28/2024, 13:09:47.384,0.00032229
21, 11/28/2024, 13:09:48.396,0.00032232
22, 11/28/2024, 13:09:49.405,0.00032232
23, 11/28/2024, 13:09:50.414,0.00032239
24, 11/28/2024, 13:09:51.425,0.00032235
25, 11/28/2024, 13:09:52.435,0.00032237
26, 11/28/2024, 13:09:53.445,0.00032241
27, 11/28/2024, 13:09:54.458,0.0003224
28, 11/28/2024, 13:09:55.466,0.00032239
29, 11/28/2024, 13:09:56.481,0.00032242
30, 11/28/2024, 13:09:57.495,0.00032225
31, 11/28/2024, 13:09:58.508,0.00032228
32, 11/28/2024, 13:09:59.521,0.0003223
33, 11/28/2024, 13:10:00.535,0.00032234
34, 11/28/2024, 13:10:01.545,0.00032231
35, 11/28/2024, 13:10:02.558,0.00032231
36, 11/28/2024, 13:10:03.577,0.00032235
37, 11/28/2024, 13:10:04.590,0.00032243
38, 11/28/2024, 13:10:05.598,0.00032245
39, 11/28/2024, 13:10:06.627,0.00032245
40, 11/28/2024, 13:10:07.644,0.00032246
41, 11/28/2024, 13:10:08.649,0.00032237
42, 11/28/2024, 13:10:09.663,0.00032233
43, 11/28/2024, 13:10:10.676,0.00032236
44, 11/28/2024, 13:10:11.690,0.00032229
45, 11/28/2024, 13:10:12.701,0.00032229
46, 11/28/2024, 13:10:13.713,0.00032224
47, 11/28/2024, 13:10:14.724,0.00032221
48, 11/28/2024, 13:10:15.739,0.00032225
49, 11/28/2024, 13:10:16.751,0.00032227
50, 11/28/2024, 13:10:17.760,0.00032227
51, 11/28/2024, 13:10:18.771,0.00032232
52, 11/28/2024, 13:10:19.783,0.00032232
53, 11/28/2024, 13:10:20.792,0.00032233
54, 11/28/2024, 13:10:21.804,0.00032232
55, 11/28/2024, 13:10:22.816,0.00032234
56, 11/28/2024, 13:10:23.829,0.00032225
57, 11/28/2024, 13:10:24.844,0.00032231
58, 11/28/2024, 13:10:25.872,0.00032226
59, 11/28/2024, 13:10:26.149,0.00032224
60, 11/28/2024, 13:10:27.162,0.00032229
61, 11/28/2024, 13:10:28.175,0.00032224
62, 11/28/2024, 13:10:29.187,0.00032217
63, 11/28/2024, 13:10:30.201,0.00032229
64, 11/28/2024, 13:10:31.212,0.00032232
65, 11/28/2024, 13:10:32.227,0.00032232
66, 11/28/2024, 13:10:33.236,0.00032234
67, 11/28/2024, 13:10:34.248,0.00032238
68, 11/28/2024, 13:10:35.262,0.0003223
69, 11/28/2024, 13:10:36.279,0.00032231
70, 11/28/2024, 13:10:37.294,0.00032229
71, 11/28/2024, 13:10:38.308,0.00032222
72, 11/28/2024, 13:10:39.318,0.00032213
73, 11/28/2024, 13:10:40.333,0.0003222
74, 11/28/2024, 13:10:41.345,0.00032213
75, 11/28/2024, 13:10:42.357,0.00032221
76, 11/28/2024, 13:10:43.369,0.00032218
77, 11/28/2024, 13:10:44.384,0.00032209
78, 11/28/2024, 13:10:45.400,0.00032215
79, 11/28/2024, 13:10:46.413,0.0003222
80, 11/28/2024, 13:10:47.428,0.0003222
81, 11/28/2024, 13:10:48.441,0.00032212
82, 11/28/2024, 13:10:49.455,0.00032218
83, 11/28/2024, 13:10:50.471,0.00032225
84, 11/28/2024, 13:10:51.480,0.00032218
85, 11/28/2024, 13:10:52.491,0.00032214
86, 11/28/2024, 13:10:53.504,0.00032218
87, 11/28/2024, 13:10:54.517,0.00032224
88, 11/28/2024, 13:10:55.532,0.00032227
89, 11/28/2024, 13:10:56.543,0.00032229
90, 11/28/2024, 13:10:57.555,0.00032226
91, 11/28/2024, 13:10:58.570,0.00032228
92, 11/28/2024, 13:10:59.579,0.00032226
93, 11/28/2024, 13:11:00.591,0.00032222
94, 11/28/2024, 13:11:01.601,0.00032218
95, 11/28/2024, 13:11:02.614,0.0003222
96, 11/28/2024, 13:11:03.626,0.00032222
97, 11/28/2024, 13:11:04.639,0.00032211
98, 11/28/2024, 13:11:05.652,0.00032213
99, 11/28/2024, 13:11:06.663,0.00032218
100, 11/28/2024, 13:11:07.678,0.00032221
101, 11/28/2024, 13:11:08.690,0.00032222
102, 11/28/2024, 13:11:09.704,0.00032218
103, 11/28/2024, 13:11:10.713,0.00032224
104, 11/28/2024, 13:11:11.727,0.00032222
105, 11/28/2024, 13:11:12.739,0.00032225
106, 11/28/2024, 13:11:13.752,0.00032229
107, 11/28/2024, 13:11:14.766,0.00032235
108, 11/28/2024, 13:11:15.778,0.00032238
109, 11/28/2024, 13:11:16.795,0.00032237
110, 11/28/2024, 13:11:17.807,0.00032239
111, 11/28/2024, 13:11:18.820,0.00032226
112, 11/28/2024, 13:11:19.832,0.00032222
113, 11/28/2024, 13:11:20.845,0.00032223
114, 11/28/2024, 13:11:21.858,0.00032227
115, 11/28/2024, 13:11:22.871,0.00032212
116, 11/28/2024, 13:11:23.149,0.00032205
117, 11/28/2024, 13:11:24.158,0.0003221
118, 11/28/2024, 13:11:25.171,0.00032211
119, 11/28/2024, 13:11:26.183,0.00032207
120, 11/28/2024, 13:11:27.194,0.00032212
121, 11/28/2024, 13:11:28.205,0.00032224
122, 11/28/2024, 13:11:29.219,0.0003222
123, 11/28/2024, 13:11:30.230,0.0003223
124, 11/28/2024, 13:11:31.247,0.00032227
125, 11/28/2024, 13:11:32.258,0.00032227
126, 11/28/2024, 13:11:33.275,0.00032224
127, 11/28/2024, 13:11:34.290,0.00032226
128, 11/28/2024, 13:11:35.303,0.00032223
129, 11/28/2024, 13:11:36.317,0.00032218
130, 11/28/2024, 13:11:37.328,0.00032226
131, 11/28/2024, 13:11:38.341,0.00032214
132, 11/28/2024, 13:11:39.352,0.00032216
133, 11/28/2024, 13:11:40.366,0.00032215
134, 11/28/2024, 13:11:41.377,0.00032212
135, 11/28/2024, 13:11:42.390,0.00032215
136, 11/28/2024, 13:11:43.401,0.00032221
137, 11/28/2024, 13:11:44.414,0.00032225
138, 11/28/2024, 13:11:45.427,0.00032217
139, 11/28/2024, 13:11:46.440,0.00032224
140, 11/28/2024, 13:11:47.456,0.00032216
141, 11/28/2024, 13:11:48.470,0.00032221
142, 11/28/2024, 13:11:49.482,0.00032204
143, 11/28/2024, 13:11:50.496,0.00032213
144, 11/28/2024, 13:11:51.512,0.00032208
145, 11/28/2024, 13:11:52.524,0.00032217
146, 11/28/2024, 13:11:53.537,0.00032212
147, 11/28/2024, 13:11:54.551,0.0003221
148, 11/28/2024, 13:11:55.569,0.00032207
149, 11/28/2024, 13:11:56.585,0.00032212
150, 11/28/2024, 13:11:57.598,0.00032226
151, 11/28/2024, 13:11:58.609,0.00032222
152, 11/28/2024, 13:11:59.620,0.0003223
153, 11/28/2024, 13:12:00.631,0.00032227
154, 11/28/2024, 13:12:01.642,0.00032227
155, 11/28/2024, 13:12:02.653,0.00032229
156, 11/28/2024, 13:12:03.666,0.00032228
157, 11/28/2024, 13:12:04.678,0.00032229
158, 11/28/2024, 13:12:05.691,0.00032219
159, 11/28/2024, 13:12:06.710,0.00032216
160, 11/28/2024, 13:12:07.721,0.00032215
161, 11/28/2024, 13:12:08.733,0.00032207
162, 11/28/2024, 13:12:09.749,0.00032206
163, 11/28/2024, 13:12:10.762,0.00032203
164, 11/28/2024, 13:12:11.774,0.00032204
165, 11/28/2024, 13:12:12.790,0.00032201
166, 11/28/2024, 13:12:13.795,0.00032208
167, 11/28/2024, 13:12:14.807,0.0003221
168, 11/28/2024, 13:12:15.818,0.00032212
169, 11/28/2024, 13:12:16.827,0.00032217
170, 11/28/2024, 13:12:17.840,0.00032216
171, 11/28/2024, 13:12:18.852,0.00032226
172, 11/28/2024, 13:12:19.867,0.00032221
173, 11/28/2024, 13:12:20.885,0.00032226
174, 11/28/2024, 13:12:21.161,0.0003222
175, 11/28/2024, 13:12:22.171,0.00032227
176, 11/28/2024, 13:12:23.186,0.00032221
177, 11/28/2024, 13:12:24.200,0.00032216
178, 11/28/2024, 13:12:25.212,0.00032208
179, 11/28/2024, 13:12:26.225,0.00032213
180, 11/28/2024, 13:12:27.238,0.00032214
181, 11/28/2024, 13:12:28.252,0.00032211
182, 11/28/2024, 13:12:29.269,0.00032209
183, 11/28/2024, 13:12:30.282,0.00032212
184, 11/28/2024, 13:12:31.295,0.0003221
185, 11/28/2024, 13:12:32.311,0.00032208
186, 11/28/2024, 13:12:33.324,0.00032213
187, 11/28/2024, 13:12:34.337,0.0003221
188, 11/28/2024, 13:12:35.347,0.00032212
189, 11/28/2024, 13:12:36.359,0.00032218
190, 11/28/2024, 13:12:37.370,0.00032218
191, 11/28/2024, 13:12:38.388,0.00032225
192, 11/28/2024, 13:12:39.397,0.00032221
193, 11/28/2024, 13:12:40.413,0.00032215
194, 11/28/2024, 13:12:41.425,0.00032211
195, 11/28/2024, 13:12:42.434,0.00032209
196, 11/28/2024, 13:12:43.450,0.000322
197, 11/28/2024, 13:12:44.459,0.00032208
198, 11/28/2024, 13:12:45.470,0.00032208
199, 11/28/2024, 13:12:46.480,0.00032206
200, 11/28/2024, 13:12:47.492,0.00032206
201, 11/28/2024, 13:12:48.501,0.00032217
202, 11/28/2024, 13:12:49.511,0.00032225
203, 11/28/2024, 13:12:50.526,0.00032219
204, 11/28/2024, 13:12:51.539,0.00032222
205, 11/28/2024, 13:12:52.550,0.00032231
206, 11/28/2024, 13:12:53.564,0.00032229
207, 11/28/2024, 13:12:54.580,0.00032228
208, 11/28/2024, 13:12:55.593,0.00032214
209, 11/28/2024, 13:12:56.607,0.00032214
210, 11/28/2024, 13:12:57.619,0.00032206
211, 11/28/2024, 13:12:58.630,0.00032219
212, 11/28/2024, 13:12:59.643,0.0003222
213, 11/28/2024, 13:13:00.654,0.00032215
214, 11/28/2024, 13:13:01.667,0.00032225
215, 11/28/2024, 13:13:02.679,0.00032224
216, 11/28/2024, 13:13:03.692,0.00032223
217, 11/28/2024, 13:13:04.706,0.00032231
218, 11/28/2024, 13:13:05.718,0.00032231
219, 11/28/2024, 13:13:06.729,0.00032233
220, 11/28/2024, 13:13:07.745,0.00032226
221, 11/28/2024, 13:13:08.758,0.00032225
222, 11/28/2024, 13:13:09.769,0.00032216
223, 11/28/2024, 13:13:10.781,0.00032211
224, 11/28/2024, 13:13:11.794,0.00032214
225, 11/28/2024, 13:13:12.805,0.00032212
226, 11/28/2024, 13:13:13.814,0.00032223
227, 11/28/2024, 13:13:14.828,0.00032229
228, 11/28/2024, 13:13:15.840,0.00032221
229, 11/28/2024, 13:13:16.851,0.00032227
230, 11/28/2024, 13:13:17.863,0.0003222
231, 11/28/2024, 13:13:18.876,0.00032232
232, 11/28/2024, 13:13:19.153,0.00032225
233, 11/28/2024, 13:13:20.167,0.00032228
234, 11/28/2024, 13:13:21.180,0.00032232
235, 11/28/2024, 13:13:22.196,0.00032227
236, 11/28/2024, 13:13:23.211,0.0003223
237, 11/28/2024, 13:13:24.224,0.00032229
238, 11/28/2024, 13:13:25.238,0.00032228
239, 11/28/2024, 13:13:26.250,0.00032233
240, 11/28/2024, 13:13:27.264,0.00032226
241, 11/28/2024, 13:13:28.275,0.00032218
242, 11/28/2024, 13:13:29.288,0.00032212
243, 11/28/2024, 13:13:30.301,0.00032212
244, 11/28/2024, 13:13:31.314,0.0003221
245, 11/28/2024, 13:13:32.324,0.00032207
246, 11/28/2024, 13:13:33.333,0.00032203
247, 11/28/2024, 13:13:34.347,0.0003221
248, 11/28/2024, 13:13:35.360,0.00032208
249, 11/28/2024, 13:13:36.372,0.00032212
250, 11/28/2024, 13:13:37.384,0.00032208
251, 11/28/2024, 13:13:38.395,0.00032211
252, 11/28/2024, 13:13:39.410,0.00032207
253, 11/28/2024, 13:13:40.421,0.0003221
254, 11/28/2024, 13:13:41.435,0.00032215
255, 11/28/2024, 13:13:42.446,0.00032217
256, 11/28/2024, 13:13:43.465,0.00032219
257, 11/28/2024, 13:13:44.481,0.00032225
258, 11/28/2024, 13:13:45.496,0.00032228
259, 11/28/2024, 13:13:46.505,0.00032229
260, 11/28/2024, 13:13:47.516,0.00032231
261, 11/28/2024, 13:13:48.531,0.00032225
262, 11/28/2024, 13:13:49.541,0.00032204
263, 11/28/2024, 13:13:50.554,0.00032215
264, 11/28/2024, 13:13:51.569,0.00032216
265, 11/28/2024, 13:13:52.580,0.00032215
266, 11/28/2024, 13:13:53.596,0.00032209
267, 11/28/2024, 13:13:54.609,0.00032208
268, 11/28/2024, 13:13:55.623,0.00032212
269, 11/28/2024, 13:13:56.635,0.00032209
270, 11/28/2024, 13:13:57.645,0.00032215
271, 11/28/2024, 13:13:58.665,0.00032209
272, 11/28/2024, 13:13:59.677,0.00032218
273, 11/28/2024, 13:14:00.689,0.00032216
274, 11/28/2024, 13:14:01.700,0.00032214
275, 11/28/2024, 13:14:02.712,0.0003222
276, 11/28/2024, 13:14:03.725,0.00032221
277, 11/28/2024, 13:14:04.737,0.00032226
278, 11/28/2024, 13:14:05.750,0.00032225
279, 11/28/2024, 13:14:06.763,0.00032219
280, 11/28/2024, 13:14:07.773,0.0003222
281, 11/28/2024, 13:14:08.783,0.00032218
282, 11/28/2024, 13:14:09.793,0.00032216
283, 11/28/2024, 13:14:10.804,0.00032207
284, 11/28/2024, 13:14:11.816,0.00032206
285, 11/28/2024, 13:14:12.827,0.00032208
286, 11/28/2024, 13:14:13.845,0.00032202
287, 11/28/2024, 13:14:14.856,0.00032202
288, 11/28/2024, 13:14:15.866,0.00032202
289, 11/28/2024, 13:14:16.879,0.00032201
290, 11/28/2024, 13:14:17.155,0.00032202
291, 11/28/2024, 13:14:18.168,0.00032205
292, 11/28/2024, 13:14:19.177,0.00032207
293, 11/28/2024, 13:14:20.193,0.00032217
294, 11/28/2024, 13:14:21.206,0.00032218
295, 11/28/2024, 13:14:22.220,0.0003221
296, 11/28/2024, 13:14:23.232,0.00032205
297, 11/28/2024, 13:14:24.244,0.00032203
298, 11/28/2024, 13:14:25.258,0.00032208
299, 11/28/2024, 13:14:26.268,0.00032197
300, 11/28/2024, 13:14:27.293,0.00032205
301, 11/28/2024, 13:14:28.307,0.00032203
302, 11/28/2024, 13:14:29.317,0.00032204
303, 11/28/2024, 13:14:30.331,0.00032216
304, 11/28/2024, 13:14:31.348,0.0003221
305, 11/28/2024, 13:14:32.361,0.00032221
306, 11/28/2024, 13:14:33.370,0.00032221
307, 11/28/2024, 13:14:34.386,0.0003222
308, 11/28/2024, 13:14:35.401,0.00032218
309, 11/28/2024, 13:14:36.413,0.00032217
310, 11/28/2024, 13:14:37.423,0.00032223
311, 11/28/2024, 13:14:38.437,0.00032217
312, 11/28/2024, 13:14:39.449,0.00032211
313, 11/28/2024, 13:14:40.461,0.00032209
314, 11/28/2024, 13:14:41.475,0.00032207
315, 11/28/2024, 13:14:42.488,0.00032211
316, 11/28/2024, 13:14:43.498,0.00032209
317, 11/28/2024, 13:14:44.508,0.00032201
318, 11/28/2024, 13:14:45.522,0.00032206
319, 11/28/2024, 13:14:46.535,0.0003221
320, 11/28/2024, 13:14:47.545,0.00032206
321, 11/28/2024, 13:14:48.557,0.00032213
322, 11/28/2024, 13:14:49.569,0.00032211
323, 11/28/2024, 13:14:50.584,0.00032216
324, 11/28/2024, 13:14:51.596,0.00032219
325, 11/28/2024, 13:14:52.608,0.00032223
326, 11/28/2024, 13:14:53.622,0.00032224
327, 11/28/2024, 13:14:54.635,0.00032219
328, 11/28/2024, 13:14:55.649,0.00032219
329, 11/28/2024, 13:14:56.658,0.00032216
330, 11/28/2024, 13:14:57.668,0.00032221
331, 11/28/2024, 13:14:58.682,0.00032216
332, 11/28/2024, 13:14:59.696,0.00032211
333, 11/28/2024, 13:15:00.712,0.00032208
334, 11/28/2024, 13:15:01.722,0.00032207
335, 11/28/2024, 13:15:02.734,0.00032204
336, 11/28/2024, 13:15:03.749,0.00032212
337, 11/28/2024, 13:15:04.763,0.00032215
338, 11/28/2024, 13:15:05.776,0.00032219
339, 11/28/2024, 13:15:06.788,0.00032221
340, 11/28/2024, 13:15:07.801,0.00032229
341, 11/28/2024, 13:15:08.814,0.00032226
342, 11/28/2024, 13:15:09.824,0.00032218
343, 11/28/2024, 13:15:10.836,0.00032214
344, 11/28/2024, 13:15:11.851,0.00032218
345, 11/28/2024, 13:15:12.861,0.00032216
346, 11/28/2024, 13:15:13.873,0.00032215
347, 11/28/2024, 13:15:14.149,0.00032217
348, 11/28/2024, 13:15:15.163,0.00032224
349, 11/28/2024, 13:15:16.176,0.00032231
350, 11/28/2024, 13:15:17.192,0.00032232
351, 11/28/2024, 13:15:18.206,0.00032231
352, 11/28/2024, 13:15:19.218,0.00032229
353, 11/28/2024, 13:15:20.230,0.00032218
354, 11/28/2024, 13:15:21.245,0.00032222
355, 11/28/2024, 13:15:22.261,0.00032215
356, 11/28/2024, 13:15:23.277,0.0003222
357, 11/28/2024, 13:15:24.292,0.00032217
358, 11/28/2024, 13:15:25.304,0.0003222
359, 11/28/2024, 13:15:26.318,0.00032226
360, 11/28/2024, 13:15:27.330,0.0003223
361, 11/28/2024, 13:15:28.344,0.00032225
362, 11/28/2024, 13:15:29.358,0.0003222
363, 11/28/2024, 13:15:30.371,0.00032222
364, 11/28/2024, 13:15:31.380,0.00032211
365, 11/28/2024, 13:15:32.391,0.00032214
366, 11/28/2024, 13:15:33.406,0.00032216
367, 11/28/2024, 13:15:34.424,0.00032213
368, 11/28/2024, 13:15:35.433,0.00032215
369, 11/28/2024, 13:15:36.452,0.00032221
370, 11/28/2024, 13:15:37.461,0.00032225
371, 11/28/2024, 13:15:38.469,0.00032229
372, 11/28/2024, 13:15:39.480,0.00032227
373, 11/28/2024, 13:15:40.491,0.0003222
374, 11/28/2024, 13:15:41.503,0.00032213
375, 11/28/2024, 13:15:42.516,0.00032212
376, 11/28/2024, 13:15:43.526,0.00032211
377, 11/28/2024, 13:15:44.539,0.00032218
378, 11/28/2024, 13:15:45.555,0.00032225
379, 11/28/2024, 13:15:46.565,0.00032225
380, 11/28/2024, 13:15:47.580,0.0003223
381, 11/28/2024, 13:15:48.591,0.00032225
382, 11/28/2024, 13:15:49.604,0.00032222
383, 11/28/2024, 13:15:50.620,0.00032217
384, 11/28/2024, 13:15:51.630,0.00032209
385, 11/28/2024, 13:15:52.643,0.00032214
386, 11/28/2024, 13:15:53.657,0.00032214
387, 11/28/2024, 13:15:54.667,0.0003222
388, 11/28/2024, 13:15:55.681,0.00032221
389, 11/28/2024, 13:15:56.693,0.00032217
390, 11/28/2024, 13:15:57.703,0.00032218
391, 11/28/2024, 13:15:58.716,0.0003221
392, 11/28/2024, 13:15:59.728,0.00032208
393, 11/28/2024, 13:16:00.742,0.00032206
394, 11/28/2024, 13:16:01.754,0.00032211
395, 11/28/2024, 13:16:02.768,0.00032215
396, 11/28/2024, 13:16:03.779,0.00032221
397, 11/28/2024, 13:16:04.793,0.00032224
398, 11/28/2024, 13:16:05.804,0.00032225
399, 11/28/2024, 13:16:06.816,0.00032222
400, 11/28/2024, 13:16:07.830,0.00032215
401, 11/28/2024, 13:16:08.841,0.00032211
402, 11/28/2024, 13:16:09.856,0.00032212
403, 11/28/2024, 13:16:10.870,0.00032215
404, 11/28/2024, 13:16:11.150,0.00032224
405, 11/28/2024, 13:16:12.159,0.00032224
406, 11/28/2024, 13:16:13.171,0.00032228
407, 11/28/2024, 13:16:14.181,0.00032223
408, 11/28/2024, 13:16:15.194,0.00032221
409, 11/28/2024, 13:16:16.207,0.00032215
410, 11/28/2024, 13:16:17.220,0.00032207
411, 11/28/2024, 13:16:18.231,0.00032201
412, 11/28/2024, 13:16:19.242,0.00032213
413, 11/28/2024, 13:16:20.254,0.00032214
414, 11/28/2024, 13:16:21.263,0.00032216
415, 11/28/2024, 13:16:22.277,0.00032226
416, 11/28/2024, 13:16:23.291,0.00032221
417, 11/28/2024, 13:16:24.306,0.00032209
418, 11/28/2024, 13:16:25.317,0.00032199
419, 11/28/2024, 13:16:26.329,0.00032202
420, 11/28/2024, 13:16:27.341,0.000322
421, 11/28/2024, 13:16:28.355,0.00032212
422, 11/28/2024, 13:16:29.364,0.00032218
423, 11/28/2024, 13:16:30.377,0.00032219
424, 11/28/2024, 13:16:31.389,0.00032221
425, 11/28/2024, 13:16:32.401,0.00032207
426, 11/28/2024, 13:16:33.415,0.00032203
427, 11/28/2024, 13:16:34.426,0.00032196
428, 11/28/2024, 13:16:35.429,0.00032207
429, 11/28/2024, 13:16:36.443,0.00032216
430, 11/28/2024, 13:16:37.456,0.0003222
431, 11/28/2024, 13:16:38.469,0.0003222
432, 11/28/2024, 13:16:39.483,0.00032222
433, 11/28/2024, 13:16:40.498,0.00032214
434, 11/28/2024, 13:16:41.510,0.00032203
435, 11/28/2024, 13:16:42.523,0.00032208
436, 11/28/2024, 13:16:43.538,0.00032202
437, 11/28/2024, 13:16:44.552,0.00032218
438, 11/28/2024, 13:16:45.564,0.0003222
439, 11/28/2024, 13:16:46.579,0.00032218
440, 11/28/2024, 13:16:47.594,0.00032219
441, 11/28/2024, 13:16:48.602,0.00032211
442, 11/28/2024, 13:16:49.614,0.000322
443, 11/28/2024, 13:16:50.630,0.00032207
444, 11/28/2024, 13:16:51.644,0.00032211
445, 11/28/2024, 13:16:52.655,0.00032218
446, 11/28/2024, 13:16:53.671,0.00032225
447, 11/28/2024, 13:16:54.685,0.00032218
448, 11/28/2024, 13:16:55.698,0.00032217
449, 11/28/2024, 13:16:56.718,0.0003222
450, 11/28/2024, 13:16:57.735,0.00032212
451, 11/28/2024, 13:16:58.748,0.00032205
452, 11/28/2024, 13:16:59.764,0.00032209
453, 11/28/2024, 13:17:00.775,0.00032215
454, 11/28/2024, 13:17:01.788,0.00032224
455, 11/28/2024, 13:17:02.800,0.00032219
456, 11/28/2024, 13:17:03.815,0.00032211
457, 11/28/2024, 13:17:04.831,0.00032202
458, 11/28/2024, 13:17:05.842,0.00032209
459, 11/28/2024, 13:17:06.856,0.0003221
460, 11/28/2024, 13:17:07.870,0.00032221
461, 11/28/2024, 13:17:08.147,0.00032227
462, 11/28/2024, 13:17:09.161,0.00032224
463, 11/28/2024, 13:17:10.172,0.00032212
464, 11/28/2024, 13:17:11.184,0.00032212
465, 11/28/2024, 13:17:12.195,0.00032212
466, 11/28/2024, 13:17:13.209,0.0003222
467, 11/28/2024, 13:17:14.221,0.0003222
468, 11/28/2024, 13:17:15.234,0.00032223
469, 11/28/2024, 13:17:16.242,0.00032219
470, 11/28/2024, 13:17:17.255,0.00032204
471, 11/28/2024, 13:17:18.265,0.00032203
472, 11/28/2024, 13:17:19.273,0.00032217
473, 11/28/2024, 13:17:20.287,0.00032221
474, 11/28/2024, 13:17:21.296,0.00032229
475, 11/28/2024, 13:17:22.311,0.00032222
476, 11/28/2024, 13:17:23.322,0.00032215
477, 11/28/2024, 13:17:24.332,0.00032212
478, 11/28/2024, 13:17:25.344,0.00032217
479, 11/28/2024, 13:17:26.357,0.00032221
480, 11/28/2024, 13:17:27.370,0.00032223
481, 11/28/2024, 13:17:28.384,0.00032218
482, 11/28/2024, 13:17:29.396,0.00032215
483, 11/28/2024, 13:17:30.406,0.0003221
484, 11/28/2024, 13:17:31.417,0.00032214
485, 11/28/2024, 13:17:32.429,0.00032225
486, 11/28/2024, 13:17:33.443,0.00032225
487, 11/28/2024, 13:17:34.461,0.00032224
488, 11/28/2024, 13:17:35.476,0.00032218
489, 11/28/2024, 13:17:36.488,0.00032204
490, 11/28/2024, 13:17:37.501,0.00032204
491, 11/28/2024, 13:17:38.520,0.00032214
492, 11/28/2024, 13:17:39.532,0.00032214
493, 11/28/2024, 13:17:40.546,0.00032215
494, 11/28/2024, 13:17:41.553,0.00032207
495, 11/28/2024, 13:17:42.563,0.00032202
496, 11/28/2024, 13:17:43.577,0.0003221
497, 11/28/2024, 13:17:44.590,0.0003222
498, 11/28/2024, 13:17:45.603,0.00032223
499, 11/28/2024, 13:17:46.619,0.00032226
500, 11/28/2024, 13:17:47.633,0.00032209
501, 11/28/2024, 13:17:48.642,0.00032203
502, 11/28/2024, 13:17:49.657,0.00032203
503, 11/28/2024, 13:17:50.668,0.00032212
504, 11/28/2024, 13:17:51.681,0.0003222
505, 11/28/2024, 13:17:52.695,0.00032217
506, 11/28/2024, 13:17:53.710,0.00032213
507, 11/28/2024, 13:17:54.728,0.00032206
508, 11/28/2024, 13:17:55.739,0.00032209
509, 11/28/2024, 13:17:56.754,0.00032213
510, 11/28/2024, 13:17:57.766,0.00032215
511, 11/28/2024, 13:17:58.781,0.00032216
512, 11/28/2024, 13:17:59.793,0.00032209
513, 11/28/2024, 13:18:00.815,0.00032207
514, 11/28/2024, 13:18:01.831,0.00032202
515, 11/28/2024, 13:18:02.843,0.00032214
516, 11/28/2024, 13:18:03.855,0.00032223
517, 11/28/2024, 13:18:04.870,0.00032217
518, 11/28/2024, 13:18:05.150,0.00032211
519, 11/28/2024, 13:18:06.162,0.00032216
520, 11/28/2024, 13:18:07.177,0.00032204
521, 11/28/2024, 13:18:08.187,0.0003221
522, 11/28/2024, 13:18:09.201,0.0003222
523, 11/28/2024, 13:18:10.212,0.00032221
524, 11/28/2024, 13:18:11.224,0.00032217
525, 11/28/2024, 13:18:12.237,0.00032207
526, 11/28/2024, 13:18:13.246,0.00032203
527, 11/28/2024, 13:18:14.257,0.00032213
528, 11/28/2024, 13:18:15.273,0.00032221
529, 11/28/2024, 13:18:16.285,0.00032221
530, 11/28/2024, 13:18:17.300,0.00032214
531, 11/28/2024, 13:18:18.313,0.00032207
532, 11/28/2024, 13:18:19.322,0.00032203
533, 11/28/2024, 13:18:20.335,0.00032209
534, 11/28/2024, 13:18:21.347,0.00032214
535, 11/28/2024, 13:18:22.357,0.00032216
536, 11/28/2024, 13:18:23.367,0.00032209
537, 11/28/2024, 13:18:24.377,0.00032203
538, 11/28/2024, 13:18:25.392,0.00032209
539, 11/28/2024, 13:18:26.405,0.00032206
540, 11/28/2024, 13:18:27.419,0.00032214
541, 11/28/2024, 13:18:28.433,0.00032209
542, 11/28/2024, 13:18:29.445,0.00032204
543, 11/28/2024, 13:18:30.458,0.00032198
544, 11/28/2024, 13:18:31.475,0.00032207
545, 11/28/2024, 13:18:32.488,0.00032209
546, 11/28/2024, 13:18:33.500,0.00032217
547, 11/28/2024, 13:18:34.512,0.00032217
548, 11/28/2024, 13:18:35.537,0.00032202
549, 11/28/2024, 13:18:36.546,0.00032202
550, 11/28/2024, 13:18:37.561,0.00032203
551, 11/28/2024, 13:18:38.576,0.00032218
552, 11/28/2024, 13:18:39.592,0.0003222
553, 11/28/2024, 13:18:40.604,0.00032205
554, 11/28/2024, 13:18:41.616,0.00032205
555, 11/28/2024, 13:18:42.628,0.00032203
556, 11/28/2024, 13:18:43.641,0.00032218
557, 11/28/2024, 13:18:44.654,0.00032219
558, 11/28/2024, 13:18:45.668,0.00032218
559, 11/28/2024, 13:18:46.682,0.000322
560, 11/28/2024, 13:18:47.693,0.00032198
561, 11/28/2024, 13:18:48.705,0.00032209
562, 11/28/2024, 13:18:49.720,0.00032212
563, 11/28/2024, 13:18:50.730,0.00032215
564, 11/28/2024, 13:18:51.745,0.00032214
565, 11/28/2024, 13:18:52.757,0.00032203
566, 11/28/2024, 13:18:53.770,0.00032204
567, 11/28/2024, 13:18:54.783,0.00032212
568, 11/28/2024, 13:18:55.799,0.00032221
569, 11/28/2024, 13:18:56.812,0.00032207
570, 11/28/2024, 13:18:57.827,0.0003221
571, 11/28/2024, 13:18:58.840,0.00032199
572, 11/28/2024, 13:18:59.853,0.00032209
573, 11/28/2024, 13:19:00.866,0.0003222
574, 11/28/2024, 13:19:01.878,0.0003222
575, 11/28/2024, 13:19:02.156,0.00032211
576, 11/28/2024, 13:19:03.166,0.000322
577, 11/28/2024, 13:19:04.177,0.00032201
578, 11/28/2024, 13:19:05.193,0.0003221
579, 11/28/2024, 13:19:06.210,0.00032216
580, 11/28/2024, 13:19:07.222,0.00032214
581, 11/28/2024, 13:19:08.237,0.00032205
582, 11/28/2024, 13:19:09.248,0.00032199
583, 11/28/2024, 13:19:10.260,0.00032207
584, 11/28/2024, 13:19:11.275,0.00032212
585, 11/28/2024, 13:19:12.286,0.00032219
586, 11/28/2024, 13:19:13.300,0.00032205
587, 11/28/2024, 13:19:14.312,0.00032201
588, 11/28/2024, 13:19:15.325,0.00032209
589, 11/28/2024, 13:19:16.337,0.00032221
590, 11/28/2024, 13:19:17.351,0.00032219
591, 11/28/2024, 13:19:18.362,0.00032209
592, 11/28/2024, 13:19:19.374,0.00032203
593, 11/28/2024, 13:19:20.387,0.00032206
594, 11/28/2024, 13:19:21.398,0.00032204
595, 11/28/2024, 13:19:22.413,0.00032216
596, 11/28/2024, 13:19:23.430,0.00032219
597, 11/28/2024, 13:19:24.441,0.00032209
598, 11/28/2024, 13:19:25.453,0.00032199
599, 11/28/2024, 13:19:26.469,0.00032202
600, 11/28/2024, 13:19:27.480,0.0003221
601, 11/28/2024, 13:19:28.493,0.00032208
602, 11/28/2024, 13:19:29.505,0.00032201
603, 11/28/2024, 13:19:30.519,0.00032203
604, 11/28/2024, 13:19:31.536,0.00032204
605, 11/28/2024, 13:19:32.549,0.00032219
606, 11/28/2024, 13:19:33.560,0.00032215
607, 11/28/2024, 13:19:34.576,0.0003221
608, 11/28/2024, 13:19:35.587,0.00032207
609, 11/28/2024, 13:19:36.599,0.00032206
610, 11/28/2024, 13:19:37.611,0.00032214
611, 11/28/2024, 13:19:38.623,0.00032216
612, 11/28/2024, 13:19:39.635,0.00032214
613, 11/28/2024, 13:19:40.646,0.00032203
614, 11/28/2024, 13:19:41.660,0.00032202
615, 11/28/2024, 13:19:42.676,0.00032208
616, 11/28/2024, 13:19:43.690,0.00032214
617, 11/28/2024, 13:19:44.708,0.00032198
618, 11/28/2024, 13:19:45.722,0.00032193
619, 11/28/2024, 13:19:46.747,0.00032213
620, 11/28/2024, 13:19:47.760,0.00032221
621, 11/28/2024, 13:19:48.773,0.00032215
622, 11/28/2024, 13:19:49.784,0.00032195
623, 11/28/2024, 13:19:50.794,0.00032202
624, 11/28/2024, 13:19:51.803,0.00032206
625, 11/28/2024, 13:19:52.821,0.00032219
626, 11/28/2024, 13:19:53.833,0.00032211
627, 11/28/2024, 13:19:54.847,0.00032202
628, 11/28/2024, 13:19:55.861,0.00032203
629, 11/28/2024, 13:19:56.870,0.00032205
630, 11/28/2024, 13:19:57.149,0.00032212
631, 11/28/2024, 13:19:58.166,0.00032217
632, 11/28/2024, 13:19:59.175,0.00032207
633, 11/28/2024, 13:20:00.187,0.00032198
634, 11/28/2024, 13:20:01.204,0.00032195
635, 11/28/2024, 13:20:02.216,0.00032203
636, 11/28/2024, 13:20:03.229,0.00032201
637, 11/28/2024, 13:20:04.246,0.00032198
638, 11/28/2024, 13:20:05.261,0.00032199
639, 11/28/2024, 13:20:06.275,0.00032195
640, 11/28/2024, 13:20:07.296,0.00032203
641, 11/28/2024, 13:20:08.309,0.00032206
642, 11/28/2024, 13:20:09.323,0.00032211
643, 11/28/2024, 13:20:10.342,0.00032203
644, 11/28/2024, 13:20:11.356,0.00032196
645, 11/28/2024, 13:20:12.369,0.00032196
646, 11/28/2024, 13:20:13.380,0.00032202
647, 11/28/2024, 13:20:14.394,0.00032202
648, 11/28/2024, 13:20:15.408,0.00032198
649, 11/28/2024, 13:20:16.425,0.00032196
650, 11/28/2024, 13:20:17.437,0.00032189
651, 11/28/2024, 13:20:18.442,0.00032203
652, 11/28/2024, 13:20:19.456,0.00032211
653, 11/28/2024, 13:20:20.469,0.00032214
654, 11/28/2024, 13:20:21.482,0.00032195
655, 11/28/2024, 13:20:22.496,0.00032185
656, 11/28/2024, 13:20:23.526,0.00032197
657, 11/28/2024, 13:20:24.540,0.00032201
658, 11/28/2024, 13:20:25.554,0.00032207
659, 11/28/2024, 13:20:26.566,0.00032203
660, 11/28/2024, 13:20:27.577,0.00032191
661, 11/28/2024, 13:20:28.590,0.00032187
662, 11/28/2024, 13:20:29.602,0.00032207
663, 11/28/2024, 13:20:30.617,0.00032212
664, 11/28/2024, 13:20:31.632,0.00032209
665, 11/28/2024, 13:20:32.644,0.00032198
666, 11/28/2024, 13:20:33.654,0.00032196
667, 11/28/2024, 13:20:34.667,0.00032191
668, 11/28/2024, 13:20:35.679,0.0003221
669, 11/28/2024, 13:20:36.692,0.00032209
670, 11/28/2024, 13:20:37.704,0.00032214
671, 11/28/2024, 13:20:38.715,0.00032206
672, 11/28/2024, 13:20:39.728,0.00032202
673, 11/28/2024, 13:20:40.739,0.00032202
674, 11/28/2024, 13:20:41.752,0.00032212
675, 11/28/2024, 13:20:42.766,0.00032222
676, 11/28/2024, 13:20:43.779,0.00032216
677, 11/28/2024, 13:20:44.791,0.00032206
678, 11/28/2024, 13:20:45.802,0.00032196
679, 11/28/2024, 13:20:46.817,0.00032201
680, 11/28/2024, 13:20:47.833,0.00032214
681, 11/28/2024, 13:20:48.846,0.00032213
682, 11/28/2024, 13:20:49.860,0.0003221
683, 11/28/2024, 13:20:50.872,0.00032205
684, 11/28/2024, 13:20:51.149,0.00032203
685, 11/28/2024, 13:20:52.164,0.00032198
686, 11/28/2024, 13:20:53.173,0.00032203
687, 11/28/2024, 13:20:54.187,0.0003221
688, 11/28/2024, 13:20:55.198,0.00032218
689, 11/28/2024, 13:20:56.210,0.00032215
690, 11/28/2024, 13:20:57.223,0.0003221
691, 11/28/2024, 13:20:58.236,0.00032205
692, 11/28/2024, 13:20:59.245,0.00032198
693, 11/28/2024, 13:21:00.259,0.00032204
694, 11/28/2024, 13:21:01.271,0.00032214
695, 11/28/2024, 13:21:02.287,0.00032215
696, 11/28/2024, 13:21:03.301,0.00032207
697, 11/28/2024, 13:21:04.312,0.00032207
698, 11/28/2024, 13:21:05.325,0.00032203
699, 11/28/2024, 13:21:06.338,0.00032207
700, 11/28/2024, 13:21:07.351,0.00032214
701, 11/28/2024, 13:21:08.367,0.00032218
702, 11/28/2024, 13:21:09.380,0.00032216
703, 11/28/2024, 13:21:10.394,0.00032199
704, 11/28/2024, 13:21:11.410,0.00032203
705, 11/28/2024, 13:21:12.420,0.00032195
706, 11/28/2024, 13:21:13.435,0.00032207
707, 11/28/2024, 13:21:14.447,0.00032203
708, 11/28/2024, 13:21:15.461,0.00032217
709, 11/28/2024, 13:21:16.475,0.00032215
710, 11/28/2024, 13:21:17.487,0.00032209
711, 11/28/2024, 13:21:18.501,0.000322
712, 11/28/2024, 13:21:19.515,0.000322
713, 11/28/2024, 13:21:20.529,0.00032209
714, 11/28/2024, 13:21:21.541,0.00032215
715, 11/28/2024, 13:21:22.553,0.00032214
716, 11/28/2024, 13:21:23.578,0.00032209
717, 11/28/2024, 13:21:24.595,0.00032203
718, 11/28/2024, 13:21:25.604,0.00032199
719, 11/28/2024, 13:21:26.615,0.00032207
720, 11/28/2024, 13:21:27.628,0.00032211
721, 11/28/2024, 13:21:28.641,0.00032217
722, 11/28/2024, 13:21:29.653,0.00032205
723, 11/28/2024, 13:21:30.665,0.000322
724, 11/28/2024, 13:21:31.676,0.00032202
725, 11/28/2024, 13:21:32.690,0.0003221
726, 11/28/2024, 13:21:33.704,0.00032218
727, 11/28/2024, 13:21:34.716,0.00032211
728, 11/28/2024, 13:21:35.732,0.00032203
729, 11/28/2024, 13:21:36.744,0.00032197
730, 11/28/2024, 13:21:37.757,0.00032201
731, 11/28/2024, 13:21:38.773,0.00032213
732, 11/28/2024, 13:21:39.783,0.0003221
733, 11/28/2024, 13:21:40.792,0.00032208
734, 11/28/2024, 13:21:41.806,0.00032203
735, 11/28/2024, 13:21:42.816,0.00032198
736, 11/28/2024, 13:21:43.829,0.0003221
737, 11/28/2024, 13:21:44.841,0.00032216
738, 11/28/2024, 13:21:45.853,0.00032216
739, 11/28/2024, 13:21:46.868,0.0003221
740, 11/28/2024, 13:21:47.880,0.00032202
741, 11/28/2024, 13:21:48.158,0.00032191
742, 11/28/2024, 13:21:49.171,0.00032197
743, 11/28/2024, 13:21:50.192,0.00032209
744, 11/28/2024, 13:21:51.204,0.00032209
745, 11/28/2024, 13:21:52.223,0.00032211
746, 11/28/2024, 13:21:53.239,0.00032198
747, 11/28/2024, 13:21:54.252,0.00032198
748, 11/28/2024, 13:21:55.265,0.000322
749, 11/28/2024, 13:21:56.276,0.00032203
750, 11/28/2024, 13:21:57.290,0.00032215
751, 11/28/2024, 13:21:58.302,0.00032214
752, 11/28/2024, 13:21:59.314,0.00032198
753, 11/28/2024, 13:22:00.326,0.00032183
754, 11/28/2024, 13:22:01.329,0.00032191
755, 11/28/2024, 13:22:02.341,0.00032199
756, 11/28/2024, 13:22:03.354,0.00032204
757, 11/28/2024, 13:22:04.367,0.00032204
758, 11/28/2024, 13:22:05.376,0.00032198
759, 11/28/2024, 13:22:06.394,0.00032187
760, 11/28/2024, 13:22:07.406,0.00032186
761, 11/28/2024, 13:22:08.420,0.00032194
762, 11/28/2024, 13:22:09.430,0.00032209
763, 11/28/2024, 13:22:10.440,0.00032216
764, 11/28/2024, 13:22:11.451,0.00032206
765, 11/28/2024, 13:22:12.465,0.00032204
766, 11/28/2024, 13:22:13.477,0.000322
767, 11/28/2024, 13:22:14.490,0.000322
768, 11/28/2024, 13:22:15.504,0.00032209
769, 11/28/2024, 13:22:16.518,0.00032216
770, 11/28/2024, 13:22:17.532,0.00032217
771, 11/28/2024, 13:22:18.548,0.0003221
772, 11/28/2024, 13:22:19.560,0.00032198
773, 11/28/2024, 13:22:20.572,0.00032192
774, 11/28/2024, 13:22:21.586,0.00032204
775, 11/28/2024, 13:22:22.598,0.00032215
776, 11/28/2024, 13:22:23.611,0.00032216
777, 11/28/2024, 13:22:24.625,0.00032212
778, 11/28/2024, 13:22:25.638,0.00032212
779, 11/28/2024, 13:22:26.656,0.00032195
780, 11/28/2024, 13:22:27.667,0.00032198
781, 11/28/2024, 13:22:28.685,0.00032205
782, 11/28/2024, 13:22:29.699,0.00032205
783, 11/28/2024, 13:22:30.712,0.00032217
784, 11/28/2024, 13:22:31.725,0.00032203
785, 11/28/2024, 13:22:32.741,0.00032198
786, 11/28/2024, 13:22:33.754,0.00032195
787, 11/28/2024, 13:22:34.768,0.000322
788, 11/28/2024, 13:22:35.785,0.00032208
789, 11/28/2024, 13:22:36.801,0.00032213
790, 11/28/2024, 13:22:37.816,0.00032218
791, 11/28/2024, 13:22:38.835,0.00032209
792, 11/28/2024, 13:22:39.848,0.00032206
793, 11/28/2024, 13:22:40.857,0.00032203
794, 11/28/2024, 13:22:41.870,0.00032203
795, 11/28/2024, 13:22:42.150,0.00032218
796, 11/28/2024, 13:22:43.162,0.00032198
797, 11/28/2024, 13:22:44.175,0.00032212
798, 11/28/2024, 13:22:45.192,0.00032213
799, 11/28/2024, 13:22:46.204,0.00032199
800, 11/28/2024, 13:22:47.219,0.00032203
801, 11/28/2024, 13:22:48.231,0.00032188
802, 11/28/2024, 13:22:49.245,0.00032196
803, 11/28/2024, 13:22:50.258,0.00032196
804, 11/28/2024, 13:22:51.266,0.00032209
805, 11/28/2024, 13:22:52.287,0.00032209
806, 11/28/2024, 13:22:53.303,0.00032207
807, 11/28/2024, 13:22:54.319,0.0003219
808, 11/28/2024, 13:22:55.330,0.00032197
809, 11/28/2024, 13:22:56.344,0.00032189
810, 11/28/2024, 13:22:57.356,0.00032196
811, 11/28/2024, 13:22:58.368,0.00032199
812, 11/28/2024, 13:22:59.379,0.00032197
813, 11/28/2024, 13:23:00.393,0.00032198
814, 11/28/2024, 13:23:01.405,0.000322
815, 11/28/2024, 13:23:02.425,0.00032193
816, 11/28/2024, 13:23:03.438,0.0003219
817, 11/28/2024, 13:23:04.455,0.00032187
818, 11/28/2024, 13:23:05.472,0.00032197
819, 11/28/2024, 13:23:06.482,0.0003221
820, 11/28/2024, 13:23:07.496,0.0003221
821, 11/28/2024, 13:23:08.508,0.00032213
822, 11/28/2024, 13:23:09.520,0.00032209
823, 11/28/2024, 13:23:10.536,0.00032207
824, 11/28/2024, 13:23:11.555,0.00032193
825, 11/28/2024, 13:23:12.568,0.00032199
826, 11/28/2024, 13:23:13.583,0.00032202
827, 11/28/2024, 13:23:14.595,0.000322
828, 11/28/2024, 13:23:15.611,0.00032209
829, 11/28/2024, 13:23:16.625,0.00032208
830, 11/28/2024, 13:23:17.638,0.00032212
831, 11/28/2024, 13:23:18.654,0.00032209
832, 11/28/2024, 13:23:19.669,0.00032204
833, 11/28/2024, 13:23:20.684,0.00032198
834, 11/28/2024, 13:23:21.697,0.00032206
835, 11/28/2024, 13:23:22.708,0.00032202
836, 11/28/2024, 13:23:23.722,0.0003221
837, 11/28/2024, 13:23:24.735,0.00032213
838, 11/28/2024, 13:23:25.747,0.00032212
839, 11/28/2024, 13:23:26.768,0.00032211
840, 11/28/2024, 13:23:27.784,0.00032213
841, 11/28/2024, 13:23:28.798,0.00032203
842, 11/28/2024, 13:23:29.811,0.00032196
843, 11/28/2024, 13:23:30.828,0.00032204
844, 11/28/2024, 13:23:31.842,0.00032202
845, 11/28/2024, 13:23:32.854,0.00032205
846, 11/28/2024, 13:23:33.864,0.00032214
847, 11/28/2024, 13:23:34.878,0.00032211
848, 11/28/2024, 13:23:35.155,0.00032203
849, 11/28/2024, 13:23:36.171,0.00032209
850, 11/28/2024, 13:23:37.185,0.00032204
851, 11/28/2024, 13:23:38.198,0.00032204
852, 11/28/2024, 13:23:39.210,0.00032203
853, 11/28/2024, 13:23:40.223,0.00032191
854, 11/28/2024, 13:23:41.234,0.00032201
855, 11/28/2024, 13:23:42.249,0.00032203
856, 11/28/2024, 13:23:43.260,0.00032203
857, 11/28/2024, 13:23:44.270,0.00032203
858, 11/28/2024, 13:23:45.285,0.00032199
859, 11/28/2024, 13:23:46.298,0.00032191
860, 11/28/2024, 13:23:47.311,0.00032187
861, 11/28/2024, 13:23:48.325,0.00032186
862, 11/28/2024, 13:23:49.340,0.00032177
863, 11/28/2024, 13:23:50.345,0.00032184
864, 11/28/2024, 13:23:51.368,0.00032195
865, 11/28/2024, 13:23:52.378,0.00032195
866, 11/28/2024, 13:23:53.387,0.00032193
867, 11/28/2024, 13:23:54.403,0.00032196
868, 11/28/2024, 13:23:55.417,0.00032196
869, 11/28/2024, 13:23:56.434,0.00032187
870, 11/28/2024, 13:23:57.447,0.00032184
871, 11/28/2024, 13:23:58.457,0.00032181
872, 11/28/2024, 13:23:59.472,0.00032191
873, 11/28/2024, 13:24:00.486,0.00032193
874, 11/28/2024, 13:24:01.502,0.00032193
875, 11/28/2024, 13:24:02.517,0.00032197
876, 11/28/2024, 13:24:03.534,0.00032203
877, 11/28/2024, 13:24:04.550,0.00032199
878, 11/28/2024, 13:24:05.561,0.00032197
879, 11/28/2024, 13:24:06.571,0.00032194
880, 11/28/2024, 13:24:07.583,0.00032194
881, 11/28/2024, 13:24:08.593,0.00032184
882, 11/28/2024, 13:24:09.603,0.00032179
883, 11/28/2024, 13:24:10.613,0.00032181
884, 11/28/2024, 13:24:11.624,0.00032184
885, 11/28/2024, 13:24:12.640,0.00032187
886, 11/28/2024, 13:24:13.655,0.00032195
887, 11/28/2024, 13:24:14.667,0.00032202
888, 11/28/2024, 13:24:15.685,0.00032192
889, 11/28/2024, 13:24:16.697,0.00032194
890, 11/28/2024, 13:24:17.717,0.00032188
891, 11/28/2024, 13:24:18.731,0.00032185
892, 11/28/2024, 13:24:19.748,0.00032181
893, 11/28/2024, 13:24:20.763,0.00032186
894, 11/28/2024, 13:24:21.779,0.0003219
895, 11/28/2024, 13:24:22.793,0.00032186
896, 11/28/2024, 13:24:23.805,0.00032195
897, 11/28/2024, 13:24:24.819,0.00032195
898, 11/28/2024, 13:24:25.829,0.00032199
899, 11/28/2024, 13:24:26.841,0.00032194
900, 11/28/2024, 13:24:27.857,0.00032189
901, 11/28/2024, 13:24:28.873,0.00032187
902, 11/28/2024, 13:24:29.151,0.00032191
903, 11/28/2024, 13:24:30.168,0.00032189
904, 11/28/2024, 13:24:31.182,0.00032184
905, 11/28/2024, 13:24:32.197,0.00032184
906, 11/28/2024, 13:24:33.210,0.00032184
907, 11/28/2024, 13:24:34.222,0.00032188
908, 11/28/2024, 13:24:35.236,0.00032187
909, 11/28/2024, 13:24:36.248,0.00032197
910, 11/28/2024, 13:24:37.259,0.00032195
911, 11/28/2024, 13:24:38.272,0.00032195
912, 11/28/2024, 13:24:39.283,0.00032199
913, 11/28/2024, 13:24:40.294,0.00032185
914, 11/28/2024, 13:24:41.306,0.00032183
915, 11/28/2024, 13:24:42.318,0.00032175
916, 11/28/2024, 13:24:43.329,0.00032186
917, 11/28/2024, 13:24:44.343,0.00032197
918, 11/28/2024, 13:24:45.360,0.00032198
919, 11/28/2024, 13:24:46.378,0.00032203
920, 11/28/2024, 13:24:47.387,0.00032204
921, 11/28/2024, 13:24:48.399,0.00032197
922, 11/28/2024, 13:24:49.414,0.00032192
923, 11/28/2024, 13:24:50.426,0.00032186
924, 11/28/2024, 13:24:51.438,0.0003218
925, 11/28/2024, 13:24:52.449,0.0003218
926, 11/28/2024, 13:24:53.463,0.00032181
927, 11/28/2024, 13:24:54.475,0.00032187
928, 11/28/2024, 13:24:55.485,0.00032194
929, 11/28/2024, 13:24:56.498,0.00032193
930, 11/28/2024, 13:24:57.514,0.00032192
931, 11/28/2024, 13:24:58.527,0.00032191
932, 11/28/2024, 13:24:59.543,0.00032199
933, 11/28/2024, 13:25:00.558,0.00032187
934, 11/28/2024, 13:25:01.573,0.00032183
935, 11/28/2024, 13:25:02.587,0.00032179
936, 11/28/2024, 13:25:03.600,0.00032186
937, 11/28/2024, 13:25:04.615,0.00032183
938, 11/28/2024, 13:25:05.629,0.00032192
939, 11/28/2024, 13:25:06.644,0.00032189
940, 11/28/2024, 13:25:07.655,0.00032191
941, 11/28/2024, 13:25:08.668,0.00032199
942, 11/28/2024, 13:25:09.681,0.00032195
943, 11/28/2024, 13:25:10.691,0.00032192
944, 11/28/2024, 13:25:11.707,0.00032186
945, 11/28/2024, 13:25:12.718,0.00032181
946, 11/28/2024, 13:25:13.734,0.00032177
947, 11/28/2024, 13:25:14.749,0.00032185
948, 11/28/2024, 13:25:15.758,0.00032175
949, 11/28/2024, 13:25:16.765,0.00032171
950, 11/28/2024, 13:25:17.767,0.00032182
951, 11/28/2024, 13:25:18.782,0.00032185
952, 11/28/2024, 13:25:19.796,0.00032184
953, 11/28/2024, 13:25:20.809,0.00032188
954, 11/28/2024, 13:25:21.823,0.0003219
955, 11/28/2024, 13:25:22.837,0.00032194
956, 11/28/2024, 13:25:23.848,0.00032183
957, 11/28/2024, 13:25:24.863,0.00032184
958, 11/28/2024, 13:25:25.870,0.00032175
959, 11/28/2024, 13:25:26.148,0.00032174
960, 11/28/2024, 13:25:27.167,0.00032173
961, 11/28/2024, 13:25:28.182,0.00032175
962, 11/28/2024, 13:25:29.196,0.00032179
963, 11/28/2024, 13:25:30.207,0.0003218
964, 11/28/2024, 13:25:31.217,0.00032172
965, 11/28/2024, 13:25:32.231,0.00032184
966, 11/28/2024, 13:25:33.248,0.00032192
967, 11/28/2024, 13:25:34.257,0.00032197
968, 11/28/2024, 13:25:35.271,0.00032192
969, 11/28/2024, 13:25:36.285,0.00032194
970, 11/28/2024, 13:25:37.297,0.00032188
971, 11/28/2024, 13:25:38.308,0.00032189
972, 11/28/2024, 13:25:39.317,0.00032179
973, 11/28/2024, 13:25:40.327,0.00032174
974, 11/28/2024, 13:25:41.342,0.00032175
975, 11/28/2024, 13:25:42.353,0.00032179
976, 11/28/2024, 13:25:43.363,0.00032179
977, 11/28/2024, 13:25:44.373,0.00032181
978, 11/28/2024, 13:25:45.390,0.00032189
979, 11/28/2024, 13:25:46.403,0.00032188
980, 11/28/2024, 13:25:47.413,0.00032187
981, 11/28/2024, 13:25:48.425,0.00032181
982, 11/28/2024, 13:25:49.435,0.00032175
983, 11/28/2024, 13:25:50.448,0.00032173
984, 11/28/2024, 13:25:51.460,0.00032167
985, 11/28/2024, 13:25:52.464,0.00032177
986, 11/28/2024, 13:25:53.480,0.00032177
987, 11/28/2024, 13:25:54.494,0.0003218
988, 11/28/2024, 13:25:55.505,0.00032192
989, 11/28/2024, 13:25:56.517,0.00032191
990, 11/28/2024, 13:25:57.530,0.00032202
991, 11/28/2024, 13:25:58.553,0.00032195
992, 11/28/2024, 13:25:59.566,0.00032195
993, 11/28/2024, 13:26:00.582,0.0003217
994, 11/28/2024, 13:26:01.601,0.00032172
995, 11/28/2024, 13:26:02.613,0.0003218
996, 11/28/2024, 13:26:03.629,0.00032178
997, 11/28/2024, 13:26:04.643,0.0003218
998, 11/28/2024, 13:26:05.653,0.00032185
999, 11/28/2024, 13:26:06.665,0.00032185
1000, 11/28/2024, 13:26:07.678,0.00032188
1001, 11/28/2024, 13:26:08.692,0.00032182
1002, 11/28/2024, 13:26:09.704,0.00032184
1003, 11/28/2024, 13:26:10.718,0.00032178
1004, 11/28/2024, 13:26:11.734,0.00032184
1005, 11/28/2024, 13:26:12.746,0.0003218
1006, 11/28/2024, 13:26:13.761,0.0003218
1007, 11/28/2024, 13:26:14.774,0.00032183
1008, 11/28/2024, 13:26:15.791,0.00032179
1009, 11/28/2024, 13:26:16.805,0.00032188
1010, 11/28/2024, 13:26:17.818,0.00032187
1011, 11/28/2024, 13:26:18.834,0.00032182
1012, 11/28/2024, 13:26:19.846,0.00032183
1013, 11/28/2024, 13:26:20.860,0.00032191
1014, 11/28/2024, 13:26:21.874,0.00032192
1015, 11/28/2024, 13:26:22.153,0.00032192
1016, 11/28/2024, 13:26:23.166,0.00032202
1017, 11/28/2024, 13:26:24.179,0.00032191
1018, 11/28/2024, 13:26:25.191,0.00032194
1019, 11/28/2024, 13:26:26.204,0.00032188
1020, 11/28/2024, 13:26:27.221,0.00032183
1021, 11/28/2024, 13:26:28.235,0.00032174
1022, 11/28/2024, 13:26:29.248,0.00032172
1023, 11/28/2024, 13:26:30.258,0.00032169
1024, 11/28/2024, 13:26:31.269,0.00032176
1025, 11/28/2024, 13:26:32.282,0.00032168
1026, 11/28/2024, 13:26:33.295,0.00032169
1027, 11/28/2024, 13:26:34.306,0.00032175
1028, 11/28/2024, 13:26:35.319,0.00032173
1029, 11/28/2024, 13:26:36.340,0.00032178
1030, 11/28/2024, 13:26:37.356,0.00032185
1031, 11/28/2024, 13:26:38.369,0.00032183
1032, 11/28/2024, 13:26:39.383,0.00032186
1033, 11/28/2024, 13:26:40.400,0.00032194
1034, 11/28/2024, 13:26:41.413,0.00032186
1035, 11/28/2024, 13:26:42.423,0.00032187
1036, 11/28/2024, 13:26:43.434,0.00032177
1037, 11/28/2024, 13:26:44.448,0.0003218
1038, 11/28/2024, 13:26:45.465,0.00032182
1039, 11/28/2024, 13:26:46.478,0.00032174
1040, 11/28/2024, 13:26:47.495,0.00032181
1041, 11/28/2024, 13:26:48.510,0.00032175
1042, 11/28/2024, 13:26:49.523,0.00032178
1043, 11/28/2024, 13:26:50.535,0.00032178
1044, 11/28/2024, 13:26:51.545,0.00032183
1045, 11/28/2024, 13:26:52.559,0.00032187
1046, 11/28/2024, 13:26:53.573,0.00032184
1047, 11/28/2024, 13:26:54.587,0.00032185
1048, 11/28/2024, 13:26:55.602,0.00032188
1049, 11/28/2024, 13:26:56.622,0.00032193
1050, 11/28/2024, 13:26:57.635,0.00032187
1051, 11/28/2024, 13:26:58.651,0.00032178
1052, 11/28/2024, 13:26:59.665,0.00032172
1053, 11/28/2024, 13:27:00.678,0.00032173
1054, 11/28/2024, 13:27:01.687,0.00032173
1055, 11/28/2024, 13:27:02.698,0.00032166
1056, 11/28/2024, 13:27:03.725,0.0003217
1057, 11/28/2024, 13:27:04.736,0.00032167
1058, 11/28/2024, 13:27:05.749,0.00032177
1059, 11/28/2024, 13:27:06.764,0.00032181
1060, 11/28/2024, 13:27:07.774,0.00032183
1061, 11/28/2024, 13:27:08.792,0.00032181
1062, 11/28/2024, 13:27:09.806,0.00032181
1063, 11/28/2024, 13:27:10.819,0.00032179
1064, 11/28/2024, 13:27:11.836,0.00032183
1065, 11/28/2024, 13:27:12.849,0.00032172
1066, 11/28/2024, 13:27:13.863,0.0003218
1067, 11/28/2024, 13:27:14.873,0.00032169
1068, 11/28/2024, 13:27:15.152,0.00032172
1069, 11/28/2024, 13:27:16.163,0.00032166
1070, 11/28/2024, 13:27:17.175,0.00032173
1071, 11/28/2024, 13:27:18.189,0.00032174
1072, 11/28/2024, 13:27:19.201,0.00032175
1073, 11/28/2024, 13:27:20.212,0.00032182
1074, 11/28/2024, 13:27:21.224,0.00032172
1075, 11/28/2024, 13:27:22.242,0.00032183
1076, 11/28/2024, 13:27:23.255,0.00032185
1077, 11/28/2024, 13:27:24.266,0.00032187
1078, 11/28/2024, 13:27:25.278,0.00032186
1079, 11/28/2024, 13:27:26.291,0.00032178
1080, 11/28/2024, 13:27:27.306,0.00032184
1081, 11/28/2024, 13:27:28.325,0.00032164
1082, 11/28/2024, 13:27:29.332,0.00032171
1083, 11/28/2024, 13:27:30.348,0.00032169
1084, 11/28/2024, 13:27:31.363,0.00032171
1085, 11/28/2024, 13:27:32.378,0.00032169
1086, 11/28/2024, 13:27:33.391,0.00032171
1087, 11/28/2024, 13:27:34.409,0.00032181
1088, 11/28/2024, 13:27:35.422,0.00032177
1089, 11/28/2024, 13:27:36.434,0.00032191
1090, 11/28/2024, 13:27:37.451,0.00032186
1091, 11/28/2024, 13:27:38.469,0.00032178
1092, 11/28/2024, 13:27:39.481,0.0003217
1093, 11/28/2024, 13:27:40.497,0.00032173
1094, 11/28/2024, 13:27:41.507,0.00032172
1095, 11/28/2024, 13:27:42.519,0.00032168
1096, 11/28/2024, 13:27:43.535,0.00032172
1097, 11/28/2024, 13:27:44.548,0.00032173
1098, 11/28/2024, 13:27:45.559,0.00032178
1099, 11/28/2024, 13:27:46.575,0.00032179
1100, 11/28/2024, 13:27:47.590,0.00032186
1101, 11/28/2024, 13:27:48.601,0.0003218
1102, 11/28/2024, 13:27:49.613,0.00032177
1103, 11/28/2024, 13:27:50.624,0.00032173
1104, 11/28/2024, 13:27:51.633,0.00032172
1105, 11/28/2024, 13:27:52.646,0.00032172
1106, 11/28/2024, 13:27:53.660,0.00032168
1107, 11/28/2024, 13:27:54.677,0.00032168
1108, 11/28/2024, 13:27:55.692,0.00032177
1109, 11/28/2024, 13:27:56.706,0.00032174
1110, 11/28/2024, 13:27:57.721,0.00032181
1111, 11/28/2024, 13:27:58.736,0.00032189
1112, 11/28/2024, 13:27:59.752,0.0003219
1113, 11/28/2024, 13:28:00.766,0.00032189
1114, 11/28/2024, 13:28:01.781,0.0003219
1115, 11/28/2024, 13:28:02.799,0.00032188
1116, 11/28/2024, 13:28:03.813,0.00032186
1117, 11/28/2024, 13:28:04.825,0.00032188
1118, 11/28/2024, 13:28:05.840,0.00032186
1119, 11/28/2024, 13:28:06.851,0.00032179
1120, 11/28/2024, 13:28:07.864,0.0003218
1121, 11/28/2024, 13:28:08.878,0.00032173
1122, 11/28/2024, 13:28:09.156,0.00032184
1123, 11/28/2024, 13:28:10.167,0.00032171
1124, 11/28/2024, 13:28:11.174,0.00032182
1125, 11/28/2024, 13:28:12.184,0.00032181
1126, 11/28/2024, 13:28:13.198,0.00032174
1127, 11/28/2024, 13:28:14.209,0.00032191
1128, 11/28/2024, 13:28:15.219,0.00032184
1129, 11/28/2024, 13:28:16.232,0.00032189
1130, 11/28/2024, 13:28:17.243,0.00032186
1131, 11/28/2024, 13:28:18.255,0.00032188
1132, 11/28/2024, 13:28:19.270,0.0003218
1133, 11/28/2024, 13:28:20.285,0.00032181
1134, 11/28/2024, 13:28:21.303,0.00032174
1135, 11/28/2024, 13:28:22.314,0.00032177
1136, 11/28/2024, 13:28:23.328,0.00032168
1137, 11/28/2024, 13:28:24.340,0.00032159
1138, 11/28/2024, 13:28:25.346,0.00032168
1139, 11/28/2024, 13:28:26.359,0.0003216
1140, 11/28/2024, 13:28:27.372,0.00032158
1141, 11/28/2024, 13:28:28.386,0.00032169
1142, 11/28/2024, 13:28:29.399,0.00032167
1143, 11/28/2024, 13:28:30.415,0.00032174
1144, 11/28/2024, 13:28:31.429,0.00032172
1145, 11/28/2024, 13:28:32.450,0.0003218
1146, 11/28/2024, 13:28:33.463,0.00032179
1147, 11/28/2024, 13:28:34.478,0.00032181
1148, 11/28/2024, 13:28:35.495,0.00032174
1149, 11/28/2024, 13:28:36.508,0.00032169
1150, 11/28/2024, 13:28:37.519,0.00032164
1151, 11/28/2024, 13:28:38.530,0.00032167
1152, 11/28/2024, 13:28:39.545,0.00032168
1153, 11/28/2024, 13:28:40.559,0.00032176
1154, 11/28/2024, 13:28:41.576,0.00032166
1155, 11/28/2024, 13:28:42.590,0.00032178
1156, 11/28/2024, 13:28:43.607,0.00032184
1157, 11/28/2024, 13:28:44.619,0.00032185
1158, 11/28/2024, 13:28:45.631,0.00032191
1159, 11/28/2024, 13:28:46.645,0.00032185
1160, 11/28/2024, 13:28:47.657,0.00032189
1161, 11/28/2024, 13:28:48.672,0.00032185
1162, 11/28/2024, 13:28:49.684,0.00032172
1163, 11/28/2024, 13:28:50.696,0.00032177
1164, 11/28/2024, 13:28:51.710,0.00032173
1165, 11/28/2024, 13:28:52.726,0.00032174
1166, 11/28/2024, 13:28:53.740,0.00032165
1167, 11/28/2024, 13:28:54.752,0.00032168
1168, 11/28/2024, 13:28:55.763,0.0003217
1169, 11/28/2024, 13:28:56.779,0.00032164
1170, 11/28/2024, 13:28:57.794,0.00032166
1171, 11/28/2024, 13:28:58.807,0.00032175
1172, 11/28/2024, 13:28:59.823,0.00032169
1173, 11/28/2024, 13:29:00.833,0.00032169
1174, 11/28/2024, 13:29:01.848,0.00032174
1175, 11/28/2024, 13:29:02.860,0.00032172
1176, 11/28/2024, 13:29:03.871,0.0003218
1177, 11/28/2024, 13:29:04.151,0.00032174
1178, 11/28/2024, 13:29:05.163,0.00032174
1179, 11/28/2024, 13:29:06.180,0.00032184
1180, 11/28/2024, 13:29:07.197,0.00032181
1181, 11/28/2024, 13:29:08.210,0.00032184
1182, 11/28/2024, 13:29:09.226,0.00032184
1183, 11/28/2024, 13:29:10.237,0.00032187
1184, 11/28/2024, 13:29:11.250,0.00032174
1185, 11/28/2024, 13:29:12.264,0.00032168
1186, 11/28/2024, 13:29:13.276,0.00032167
1187, 11/28/2024, 13:29:14.291,0.00032165
1188, 11/28/2024, 13:29:15.303,0.00032163
1189, 11/28/2024, 13:29:16.319,0.00032164
1190, 11/28/2024, 13:29:17.330,0.00032163
1191, 11/28/2024, 13:29:18.342,0.00032163
1192, 11/28/2024, 13:29:19.356,0.00032163
1193, 11/28/2024, 13:29:20.368,0.00032161
1194, 11/28/2024, 13:29:21.382,0.0003217
1195, 11/28/2024, 13:29:22.395,0.00032169
1196, 11/28/2024, 13:29:23.413,0.00032174
1197, 11/28/2024, 13:29:24.427,0.00032178
1198, 11/28/2024, 13:29:25.443,0.00032174
1199, 11/28/2024, 13:29:26.457,0.0003218
1200, 11/28/2024, 13:29:27.474,0.00032178
1201, 11/28/2024, 13:29:28.488,0.00032174
1202, 11/28/2024, 13:29:29.500,0.00032176
1203, 11/28/2024, 13:29:30.515,0.00032172
1204, 11/28/2024, 13:29:31.528,0.00032168
1205, 11/28/2024, 13:29:32.544,0.00032164
1206, 11/28/2024, 13:29:33.556,0.00032159
1207, 11/28/2024, 13:29:34.570,0.00032162
1208, 11/28/2024, 13:29:35.584,0.00032159
1209, 11/28/2024, 13:29:36.594,0.00032157
1210, 11/28/2024, 13:29:37.594,0.00032161
1211, 11/28/2024, 13:29:38.609,0.00032158
1212, 11/28/2024, 13:29:39.623,0.0003216
1213, 11/28/2024, 13:29:40.639,0.00032162
1214, 11/28/2024, 13:29:41.651,0.0003217
1215, 11/28/2024, 13:29:42.664,0.00032172
1216, 11/28/2024, 13:29:43.677,0.00032167
1217, 11/28/2024, 13:29:44.698,0.00032175
1218, 11/28/2024, 13:29:45.712,0.00032173
1219, 11/28/2024, 13:29:46.727,0.00032174
1220, 11/28/2024, 13:29:47.741,0.00032163
1221, 11/28/2024, 13:29:48.753,0.0003217
1222, 11/28/2024, 13:29:49.767,0.00032169
1223, 11/28/2024, 13:29:50.779,0.0003216
1224, 11/28/2024, 13:29:51.791,0.00032159
1225, 11/28/2024, 13:29:52.804,0.00032163
1226, 11/28/2024, 13:29:53.825,0.0003216
1227, 11/28/2024, 13:29:54.837,0.00032159
1228, 11/28/2024, 13:29:55.849,0.00032151
1229, 11/28/2024, 13:29:56.877,0.0003216
1230, 11/28/2024, 13:29:57.154,0.00032146
1231, 11/28/2024, 13:29:58.161,0.00032163
1232, 11/28/2024, 13:29:59.175,0.0003217
1233, 11/28/2024, 13:30:00.187,0.00032162
1234, 11/28/2024, 13:30:01.203,0.00032161
1235, 11/28/2024, 13:30:02.217,0.00032166
1236, 11/28/2024, 13:30:03.228,0.00032162
1237, 11/28/2024, 13:30:04.242,0.00032164
1238, 11/28/2024, 13:30:05.260,0.00032166
1239, 11/28/2024, 13:30:06.275,0.00032164
1240, 11/28/2024, 13:30:07.290,0.00032162
1241, 11/28/2024, 13:30:08.311,0.00032153
1242, 11/28/2024, 13:30:09.328,0.00032155
1243, 11/28/2024, 13:30:10.339,0.00032161
1244, 11/28/2024, 13:30:11.351,0.00032156
1245, 11/28/2024, 13:30:12.367,0.00032161
1246, 11/28/2024, 13:30:13.379,0.00032156
1247, 11/28/2024, 13:30:14.394,0.00032154
1248, 11/28/2024, 13:30:15.403,0.00032159
1249, 11/28/2024, 13:30:16.415,0.00032162
1250, 11/28/2024, 13:30:17.425,0.00032163
1251, 11/28/2024, 13:30:18.435,0.00032167
1252, 11/28/2024, 13:30:19.447,0.00032166
1253, 11/28/2024, 13:30:20.461,0.0003217
1254, 11/28/2024, 13:30:21.477,0.00032166
1255, 11/28/2024, 13:30:22.491,0.00032171
1256, 11/28/2024, 13:30:23.506,0.00032168
1257, 11/28/2024, 13:30:24.518,0.00032169
1258, 11/28/2024, 13:30:25.534,0.00032164
1259, 11/28/2024, 13:30:26.550,0.00032162
1260, 11/28/2024, 13:30:27.565,0.00032153
1261, 11/28/2024, 13:30:28.577,0.00032161
1262, 11/28/2024, 13:30:29.594,0.00032158
1263, 11/28/2024, 13:30:30.606,0.0003216
1264, 11/28/2024, 13:30:31.623,0.00032166
1265, 11/28/2024, 13:30:32.637,0.00032167
1266, 11/28/2024, 13:30:33.654,0.00032169
1267, 11/28/2024, 13:30:34.667,0.0003217
1268, 11/28/2024, 13:30:35.682,0.00032169
1269, 11/28/2024, 13:30:36.702,0.00032171
1270, 11/28/2024, 13:30:37.716,0.00032172
1271, 11/28/2024, 13:30:38.733,0.00032174
1272, 11/28/2024, 13:30:39.749,0.00032177
1273, 11/28/2024, 13:30:40.759,0.0003218
1274, 11/28/2024, 13:30:41.769,0.00032182
1275, 11/28/2024, 13:30:42.784,0.00032174
1276, 11/28/2024, 13:30:43.797,0.00032172
1277, 11/28/2024, 13:30:44.817,0.00032173
1278, 11/28/2024, 13:30:45.831,0.00032167
1279, 11/28/2024, 13:30:46.848,0.00032169
1280, 11/28/2024, 13:30:47.862,0.00032172
1281, 11/28/2024, 13:30:48.877,0.00032164
1282, 11/28/2024, 13:30:49.156,0.00032158
1283, 11/28/2024, 13:30:50.171,0.00032157
1284, 11/28/2024, 13:30:51.188,0.00032161
1285, 11/28/2024, 13:30:52.201,0.00032161
1286, 11/28/2024, 13:30:53.214,0.00032153
1287, 11/28/2024, 13:30:54.230,0.0003216
1288, 11/28/2024, 13:30:55.245,0.00032158
1289, 11/28/2024, 13:30:56.257,0.00032155
1290, 11/28/2024, 13:30:57.271,0.00032155
1291, 11/28/2024, 13:30:58.286,0.00032165
1292, 11/28/2024, 13:30:59.298,0.0003217
1293, 11/28/2024, 13:31:00.313,0.00032166
1294, 11/28/2024, 13:31:01.325,0.00032159
1295, 11/28/2024, 13:31:02.345,0.00032162
1296, 11/28/2024, 13:31:03.358,0.00032171
1297, 11/28/2024, 13:31:04.370,0.00032178
1298, 11/28/2024, 13:31:05.383,0.00032173
1299, 11/28/2024, 13:31:06.395,0.00032165
1300, 11/28/2024, 13:31:07.409,0.00032169
1301, 11/28/2024, 13:31:08.420,0.00032167
1302, 11/28/2024, 13:31:09.436,0.00032168
1303, 11/28/2024, 13:31:10.453,0.00032165
1304, 11/28/2024, 13:31:11.465,0.0003216
1305, 11/28/2024, 13:31:12.482,0.0003216
1306, 11/28/2024, 13:31:13.495,0.00032161
1307, 11/28/2024, 13:31:14.505,0.00032157
1308, 11/28/2024, 13:31:15.518,0.00032149
1309, 11/28/2024, 13:31:16.535,0.00032148
1310, 11/28/2024, 13:31:17.550,0.00032155
1311, 11/28/2024, 13:31:18.561,0.00032143
1312, 11/28/2024, 13:31:19.564,0.00032148
1313, 11/28/2024, 13:31:20.576,0.00032156
1314, 11/28/2024, 13:31:21.587,0.0003215
1315, 11/28/2024, 13:31:22.600,0.00032145
1316, 11/28/2024, 13:31:23.614,0.0003215
1317, 11/28/2024, 13:31:24.634,0.0003215
1318, 11/28/2024, 13:31:25.647,0.00032156
1319, 11/28/2024, 13:31:26.665,0.00032154
1320, 11/28/2024, 13:31:27.676,0.00032153
1321, 11/28/2024, 13:31:28.690,0.00032152
1322, 11/28/2024, 13:31:29.706,0.00032155
1323, 11/28/2024, 13:31:30.720,0.0003215
1324, 11/28/2024, 13:31:31.735,0.0003215
1325, 11/28/2024, 13:31:32.752,0.00032144
1326, 11/28/2024, 13:31:33.766,0.00032152
1327, 11/28/2024, 13:31:34.779,0.00032148
1328, 11/28/2024, 13:31:35.791,0.00032152
1329, 11/28/2024, 13:31:36.800,0.00032151
1330, 11/28/2024, 13:31:37.816,0.00032153
1331, 11/28/2024, 13:31:38.829,0.00032155
1332, 11/28/2024, 13:31:39.844,0.00032156
1333, 11/28/2024, 13:31:40.857,0.00032155
1334, 11/28/2024, 13:31:41.872,0.0003216
1335, 11/28/2024, 13:31:42.152,0.00032163
1336, 11/28/2024, 13:31:43.163,0.00032162
1337, 11/28/2024, 13:31:44.181,0.00032158
1338, 11/28/2024, 13:31:45.198,0.00032161
1339, 11/28/2024, 13:31:46.211,0.00032157
1340, 11/28/2024, 13:31:47.227,0.00032162
1341, 11/28/2024, 13:31:48.242,0.00032165
1342, 11/28/2024, 13:31:49.258,0.0003216
1343, 11/28/2024, 13:31:50.274,0.00032168
1344, 11/28/2024, 13:31:51.290,0.0003217
1345, 11/28/2024, 13:31:52.305,0.00032168
1346, 11/28/2024, 13:31:53.316,0.00032171
1347, 11/28/2024, 13:31:54.330,0.00032169
1348, 11/28/2024, 13:31:55.342,0.00032169
1349, 11/28/2024, 13:31:56.356,0.00032174
1350, 11/28/2024, 13:31:57.368,0.00032173
1351, 11/28/2024, 13:31:58.380,0.00032173
1352, 11/28/2024, 13:31:59.396,0.00032176
1353, 11/28/2024, 13:32:00.412,0.00032176
1354, 11/28/2024, 13:32:01.424,0.00032171
1355, 11/28/2024, 13:32:02.437,0.00032168
1356, 11/28/2024, 13:32:03.450,0.00032165
1357, 11/28/2024, 13:32:04.464,0.00032166
1358, 11/28/2024, 13:32:05.479,0.00032162
1359, 11/28/2024, 13:32:06.495,0.0003216
1360, 11/28/2024, 13:32:07.508,0.00032163
1361, 11/28/2024, 13:32:08.524,0.00032162
1362, 11/28/2024, 13:32:09.537,0.00032165
1363, 11/28/2024, 13:32:10.549,0.00032168
1364, 11/28/2024, 13:32:11.563,0.00032168
1365, 11/28/2024, 13:32:12.575,0.00032166
1366, 11/28/2024, 13:32:13.591,0.00032169
1367, 11/28/2024, 13:32:14.602,0.00032165
1368, 11/28/2024, 13:32:15.616,0.0003216
1369, 11/28/2024, 13:32:16.630,0.0003217
1370, 11/28/2024, 13:32:17.642,0.00032171
1371, 11/28/2024, 13:32:18.654,0.00032174
1372, 11/28/2024, 13:32:19.670,0.00032176
1373, 11/28/2024, 13:32:20.685,0.00032172
1374, 11/28/2024, 13:32:21.698,0.00032177
1375, 11/28/2024, 13:32:22.708,0.00032175
1376, 11/28/2024, 13:32:23.724,0.00032174
1377, 11/28/2024, 13:32:24.736,0.00032171
1378, 11/28/2024, 13:32:25.750,0.00032168
1379, 11/28/2024, 13:32:26.763,0.00032173
1380, 11/28/2024, 13:32:27.788,0.00032173
1381, 11/28/2024, 13:32:28.801,0.00032167
1382, 11/28/2024, 13:32:29.815,0.00032165
1383, 11/28/2024, 13:32:30.830,0.00032162
1384, 11/28/2024, 13:32:31.845,0.00032165
1385, 11/28/2024, 13:32:32.864,0.00032156
1386, 11/28/2024, 13:32:33.879,0.00032154
1387, 11/28/2024, 13:32:34.156,0.00032152
1388, 11/28/2024, 13:32:35.165,0.00032156
1389, 11/28/2024, 13:32:36.180,0.0003215
1390, 11/28/2024, 13:32:37.192,0.00032153
1391, 11/28/2024, 13:32:38.207,0.00032149
1392, 11/28/2024, 13:32:39.219,0.00032148
1393, 11/28/2024, 13:32:40.236,0.00032154
1394, 11/28/2024, 13:32:41.246,0.00032148
1395, 11/28/2024, 13:32:42.261,0.00032145
1396, 11/28/2024, 13:32:43.275,0.00032153
1397, 11/28/2024, 13:32:44.288,0.00032153
1398, 11/28/2024, 13:32:45.298,0.00032154
1399, 11/28/2024, 13:32:46.313,0.00032155
1400, 11/28/2024, 13:32:47.328,0.00032157
1401, 11/28/2024, 13:32:48.342,0.00032162
1402, 11/28/2024, 13:32:49.357,0.00032157
1403, 11/28/2024, 13:32:50.378,0.00032165
1404, 11/28/2024, 13:32:51.392,0.00032157
1405, 11/28/2024, 13:32:52.406,0.00032165
1406, 11/28/2024, 13:32:53.419,0.00032168
1407, 11/28/2024, 13:32:54.433,0.00032165
1408, 11/28/2024, 13:32:55.449,0.0003216
1409, 11/28/2024, 13:32:56.461,0.00032157
1410, 11/28/2024, 13:32:57.476,0.00032162
1411, 11/28/2024, 13:32:58.491,0.00032158
1412, 11/28/2024, 13:32:59.506,0.00032161
1413, 11/28/2024, 13:33:00.521,0.00032156
1414, 11/28/2024, 13:33:01.536,0.00032163
1415, 11/28/2024, 13:33:02.548,0.00032157
1416, 11/28/2024, 13:33:03.559,0.00032156
1417, 11/28/2024, 13:33:04.570,0.00032146
1418, 11/28/2024, 13:33:05.582,0.00032157
1419, 11/28/2024, 13:33:06.597,0.00032151
1420, 11/28/2024, 13:33:07.615,0.00032149
1421, 11/28/2024, 13:33:08.631,0.00032149
1422, 11/28/2024, 13:33:09.649,0.00032149
1423, 11/28/2024, 13:33:10.661,0.0003215
1424, 11/28/2024, 13:33:11.676,0.00032149
1425, 11/28/2024, 13:33:12.686,0.00032149
1426, 11/28/2024, 13:33:13.700,0.00032153
1427, 11/28/2024, 13:33:14.710,0.00032152
1428, 11/28/2024, 13:33:15.721,0.00032158
1429, 11/28/2024, 13:33:16.731,0.00032152
1430, 11/28/2024, 13:33:17.752,0.00032155
1431, 11/28/2024, 13:33:18.764,0.00032154
1432, 11/28/2024, 13:33:19.776,0.00032153
1433, 11/28/2024, 13:33:20.793,0.00032157
1434, 11/28/2024, 13:33:21.811,0.0003216
1435, 11/28/2024, 13:33:22.823,0.00032151
1436, 11/28/2024, 13:33:23.837,0.00032153
1437, 11/28/2024, 13:33:24.847,0.00032151
1438, 11/28/2024, 13:33:25.865,0.00032152
1439, 11/28/2024, 13:33:26.880,0.00032147
1440, 11/28/2024, 13:33:27.136,0.00032131
1441, 11/28/2024, 13:33:28.151,0.00032147
1442, 11/28/2024, 13:33:29.165,0.0003215
1443, 11/28/2024, 13:33:30.179,0.00032147
1444, 11/28/2024, 13:33:31.190,0.00032148
1445, 11/28/2024, 13:33:32.199,0.00032152
1446, 11/28/2024, 13:33:33.216,0.0003215
1447, 11/28/2024, 13:33:34.226,0.00032144
1448, 11/28/2024, 13:33:35.243,0.00032147
1449, 11/28/2024, 13:33:36.255,0.00032148
1450, 11/28/2024, 13:33:37.268,0.00032153
1451, 11/28/2024, 13:33:38.280,0.00032154
1452, 11/28/2024, 13:33:39.299,0.00032144
1453, 11/28/2024, 13:33:40.313,0.00032149
1454, 11/28/2024, 13:33:41.330,0.00032147
1455, 11/28/2024, 13:33:42.346,0.00032148
1456, 11/28/2024, 13:33:43.359,0.00032144
1457, 11/28/2024, 13:33:44.376,0.00032142
1458, 11/28/2024, 13:33:45.391,0.00032139
1459, 11/28/2024, 13:33:46.404,0.00032148
1460, 11/28/2024, 13:33:47.419,0.00032146
1461, 11/28/2024, 13:33:48.429,0.00032146
1462, 11/28/2024, 13:33:49.445,0.00032147
1463, 11/28/2024, 13:33:50.459,0.00032147
1464, 11/28/2024, 13:33:51.472,0.00032154
1465, 11/28/2024, 13:33:52.484,0.00032153
1466, 11/28/2024, 13:33:53.497,0.00032153
1467, 11/28/2024, 13:33:54.507,0.00032155
1468, 11/28/2024, 13:33:55.517,0.00032156
1469, 11/28/2024, 13:33:56.531,0.00032144
1470, 11/28/2024, 13:33:57.545,0.00032164
1471, 11/28/2024, 13:33:58.557,0.00032157
1472, 11/28/2024, 13:33:59.571,0.00032165
1473, 11/28/2024, 13:34:00.583,0.00032169
1474, 11/28/2024, 13:34:01.599,0.00032178
1475, 11/28/2024, 13:34:02.612,0.00032171
1476, 11/28/2024, 13:34:03.622,0.0003217
1477, 11/28/2024, 13:34:04.637,0.00032169
1478, 11/28/2024, 13:34:05.653,0.00032175
1479, 11/28/2024, 13:34:06.663,0.0003217
1480, 11/28/2024, 13:34:07.675,0.00032168
1481, 11/28/2024, 13:34:08.690,0.00032163
1482, 11/28/2024, 13:34:09.703,0.00032166
1483, 11/28/2024, 13:34:10.717,0.00032169
1484, 11/28/2024, 13:34:11.730,0.00032162
1485, 11/28/2024, 13:34:12.749,0.00032164
1486, 11/28/2024, 13:34:13.763,0.00032166
1487, 11/28/2024, 13:34:14.782,0.00032165
1488, 11/28/2024, 13:34:15.797,0.00032169
1489, 11/28/2024, 13:34:16.810,0.00032165
1490, 11/28/2024, 13:34:17.825,0.00032164
1491, 11/28/2024, 13:34:18.837,0.00032162
1492, 11/28/2024, 13:34:19.851,0.00032161
1493, 11/28/2024, 13:34:20.867,0.00032166
1494, 11/28/2024, 13:34:21.883,0.00032157
1495, 11/28/2024, 13:34:22.162,0.00032161
1496, 11/28/2024, 13:34:23.181,0.00032163
1497, 11/28/2024, 13:34:24.192,0.00032166
1498, 11/28/2024, 13:34:25.204,0.0003217
1499, 11/28/2024, 13:34:26.216,0.00032163
1500, 11/28/2024, 13:34:27.227,0.00032158
1501, 11/28/2024, 13:34:28.240,0.00032153
1502, 11/28/2024, 13:34:29.251,0.00032153
1503, 11/28/2024, 13:34:30.261,0.00032159
1504, 11/28/2024, 13:34:31.276,0.00032148
1505, 11/28/2024, 13:34:32.289,0.00032153
1506, 11/28/2024, 13:34:33.303,0.0003215
1507, 11/28/2024, 13:34:34.316,0.00032155
1508, 11/28/2024, 13:34:35.329,0.00032146
1509, 11/28/2024, 13:34:36.342,0.00032141
1510, 11/28/2024, 13:34:37.358,0.00032156
1511, 11/28/2024, 13:34:38.371,0.00032154
1512, 11/28/2024, 13:34:39.384,0.00032156
1513, 11/28/2024, 13:34:40.392,0.00032155
1514, 11/28/2024, 13:34:41.405,0.00032157
1515, 11/28/2024, 13:34:42.421,0.00032157
1516, 11/28/2024, 13:34:43.432,0.00032158
1517, 11/28/2024, 13:34:44.444,0.00032165
1518, 11/28/2024, 13:34:45.457,0.00032157
1519, 11/28/2024, 13:34:46.469,0.0003216
1520, 11/28/2024, 13:34:47.484,0.00032166
1521, 11/28/2024, 13:34:48.503,0.00032159
1522, 11/28/2024, 13:34:49.515,0.00032163
1523, 11/28/2024, 13:34:50.526,0.00032165
1524, 11/28/2024, 13:34:51.540,0.0003216
1525, 11/28/2024, 13:34:52.558,0.0003216
1526, 11/28/2024, 13:34:53.569,0.00032155
1527, 11/28/2024, 13:34:54.586,0.00032149
1528, 11/28/2024, 13:34:55.600,0.00032154
1529, 11/28/2024, 13:34:56.616,0.00032154
1530, 11/28/2024, 13:34:57.630,0.00032151
1531, 11/28/2024, 13:34:58.643,0.00032148
1532, 11/28/2024, 13:34:59.667,0.00032149
1533, 11/28/2024, 13:35:00.682,0.00032143
1534, 11/28/2024, 13:35:01.696,0.00032145
1535, 11/28/2024, 13:35:02.710,0.0003216
1536, 11/28/2024, 13:35:03.722,0.00032158
1537, 11/28/2024, 13:35:04.740,0.00032156
1538, 11/28/2024, 13:35:05.753,0.00032164
1539, 11/28/2024, 13:35:06.766,0.00032163
1540, 11/28/2024, 13:35:07.777,0.00032167
1541, 11/28/2024, 13:35:08.790,0.00032159
1542, 11/28/2024, 13:35:09.805,0.00032162
1543, 11/28/2024, 13:35:10.819,0.00032166
1544, 11/28/2024, 13:35:11.834,0.00032158
1545, 11/28/2024, 13:35:12.848,0.00032153
1546, 11/28/2024, 13:35:13.859,0.0003214
1547, 11/28/2024, 13:35:14.875,0.00032141
1548, 11/28/2024, 13:35:15.153,0.00032165
1549, 11/28/2024, 13:35:16.164,0.00032143
1550, 11/28/2024, 13:35:17.180,0.00032144
1551, 11/28/2024, 13:35:18.190,0.00032136
1552, 11/28/2024, 13:35:19.208,0.0003214
1553, 11/28/2024, 13:35:20.225,0.00032145
1554, 11/28/2024, 13:35:21.243,0.00032142
1555, 11/28/2024, 13:35:22.255,0.00032142
1556, 11/28/2024, 13:35:23.267,0.00032139
1557, 11/28/2024, 13:35:24.282,0.00032141
1558, 11/28/2024, 13:35:25.294,0.00032146
1559, 11/28/2024, 13:35:26.307,0.00032145
1560, 11/28/2024, 13:35:27.319,0.0003215
1561, 11/28/2024, 13:35:28.332,0.00032151
1562, 11/28/2024, 13:35:29.347,0.00032157
1563, 11/28/2024, 13:35:30.359,0.00032154
1564, 11/28/2024, 13:35:31.372,0.00032158
1565, 11/28/2024, 13:35:32.391,0.00032155
1566, 11/28/2024, 13:35:33.405,0.00032163
1567, 11/28/2024, 13:35:34.417,0.00032164
1568, 11/28/2024, 13:35:35.432,0.00032162
1569, 11/28/2024, 13:35:36.448,0.00032157
1570, 11/28/2024, 13:35:37.461,0.00032158
1571, 11/28/2024, 13:35:38.478,0.00032156
1572, 11/28/2024, 13:35:39.491,0.0003216
1573, 11/28/2024, 13:35:40.504,0.0003216
1574, 11/28/2024, 13:35:41.517,0.00032161
1575, 11/28/2024, 13:35:42.526,0.00032168
1576, 11/28/2024, 13:35:43.539,0.00032167
1577, 11/28/2024, 13:35:44.553,0.00032158
1578, 11/28/2024, 13:35:45.569,0.00032152
1579, 11/28/2024, 13:35:46.581,0.00032152
1580, 11/28/2024, 13:35:47.594,0.00032149
1581, 11/28/2024, 13:35:48.608,0.00032149
1582, 11/28/2024, 13:35:49.618,0.00032149
1583, 11/28/2024, 13:35:50.631,0.00032144
1584, 11/28/2024, 13:35:51.647,0.00032145
1585, 11/28/2024, 13:35:52.657,0.00032145
1586, 11/28/2024, 13:35:53.671,0.00032146
1587, 11/28/2024, 13:35:54.686,0.00032158
1588, 11/28/2024, 13:35:55.700,0.00032156
1589, 11/28/2024, 13:35:56.711,0.00032153
1590, 11/28/2024, 13:35:57.723,0.00032156
1591, 11/28/2024, 13:35:58.736,0.00032157
1592, 11/28/2024, 13:35:59.743,0.00032157
1593, 11/28/2024, 13:36:00.755,0.00032162
1594, 11/28/2024, 13:36:01.769,0.00032173
1595, 11/28/2024, 13:36:02.783,0.00032168
1596, 11/28/2024, 13:36:03.798,0.00032166
1597, 11/28/2024, 13:36:04.812,0.00032167
1598, 11/28/2024, 13:36:05.821,0.0003217
1599, 11/28/2024, 13:36:06.835,0.00032168
1600, 11/28/2024, 13:36:07.849,0.00032165
1601, 11/28/2024, 13:36:08.865,0.00032173
1602, 11/28/2024, 13:36:09.877,0.00032172
1603, 11/28/2024, 13:36:10.153,0.00032169
1604, 11/28/2024, 13:36:11.162,0.00032166
1605, 11/28/2024, 13:36:12.171,0.00032168
1606, 11/28/2024, 13:36:13.179,0.00032171
1607, 11/28/2024, 13:36:14.192,0.00032163
1608, 11/28/2024, 13:36:15.203,0.0003216
1609, 11/28/2024, 13:36:16.215,0.00032157
1610, 11/28/2024, 13:36:17.228,0.00032152
1611, 11/28/2024, 13:36:18.239,0.00032156
1612, 11/28/2024, 13:36:19.252,0.00032156
1613, 11/28/2024, 13:36:20.269,0.00032159
1614, 11/28/2024, 13:36:21.285,0.00032154
1615, 11/28/2024, 13:36:22.303,0.00032148
1616, 11/28/2024, 13:36:23.317,0.00032148
1617, 11/28/2024, 13:36:24.332,0.0003215
1618, 11/28/2024, 13:36:25.346,0.00032148
1619, 11/28/2024, 13:36:26.358,0.00032141
1620, 11/28/2024, 13:36:27.372,0.0003215
1621, 11/28/2024, 13:36:28.386,0.00032154
1622, 11/28/2024, 13:36:29.397,0.00032153
1623, 11/28/2024, 13:36:30.406,0.00032153
1624, 11/28/2024, 13:36:31.418,0.0003216
1625, 11/28/2024, 13:36:32.432,0.0003216
1626, 11/28/2024, 13:36:33.446,0.00032165
1627, 11/28/2024, 13:36:34.457,0.00032157
1628, 11/28/2024, 13:36:35.471,0.00032154
1629, 11/28/2024, 13:36:36.486,0.00032163
1630, 11/28/2024, 13:36:37.498,0.00032151
1631, 11/28/2024, 13:36:38.513,0.00032158
1632, 11/28/2024, 13:36:39.527,0.0003216
1633, 11/28/2024, 13:36:40.537,0.0003216
1634, 11/28/2024, 13:36:41.554,0.00032159
1635, 11/28/2024, 13:36:42.565,0.00032157
1636, 11/28/2024, 13:36:43.578,0.0003216
1637, 11/28/2024, 13:36:44.590,0.00032165
1638, 11/28/2024, 13:36:45.607,0.00032159
1639, 11/28/2024, 13:36:46.620,0.00032156
1640, 11/28/2024, 13:36:47.637,0.00032157
1641, 11/28/2024, 13:36:48.653,0.0003216
1642, 11/28/2024, 13:36:49.669,0.0003215
1643, 11/28/2024, 13:36:50.682,0.00032151
1644, 11/28/2024, 13:36:51.698,0.00032151
1645, 11/28/2024, 13:36:52.712,0.00032143
1646, 11/28/2024, 13:36:53.724,0.00032152
1647, 11/28/2024, 13:36:54.734,0.00032149
1648, 11/28/2024, 13:36:55.748,0.0003215
1649, 11/28/2024, 13:36:56.758,0.00032148
1650, 11/28/2024, 13:36:57.775,0.00032146
1651, 11/28/2024, 13:36:58.785,0.00032149
1652, 11/28/2024, 13:36:59.797,0.00032148
1653, 11/28/2024, 13:37:00.811,0.00032152
1654, 11/28/2024, 13:37:01.826,0.00032155
1655, 11/28/2024, 13:37:02.838,0.00032149
1656, 11/28/2024, 13:37:03.854,0.00032153
1657, 11/28/2024, 13:37:04.866,0.00032151
1658, 11/28/2024, 13:37:05.880,0.00032152
1659, 11/28/2024, 13:37:06.158,0.00032151
1660, 11/28/2024, 13:37:07.171,0.00032152
1661, 11/28/2024, 13:37:08.185,0.00032146
1662, 11/28/2024, 13:37:09.197,0.0003215
1663, 11/28/2024, 13:37:10.209,0.00032144
1664, 11/28/2024, 13:37:11.226,0.00032149
1665, 11/28/2024, 13:37:12.238,0.00032147
1666, 11/28/2024, 13:37:13.253,0.00032149
1667, 11/28/2024, 13:37:14.271,0.00032151
1668, 11/28/2024, 13:37:15.288,0.00032149
1669, 11/28/2024, 13:37:16.302,0.00032156
1670, 11/28/2024, 13:37:17.315,0.00032156
1671, 11/28/2024, 13:37:18.327,0.0003215
1672, 11/28/2024, 13:37:19.339,0.00032159
1673, 11/28/2024, 13:37:20.350,0.00032155
1674, 11/28/2024, 13:37:21.362,0.0003216
1675, 11/28/2024, 13:37:22.371,0.00032155
1676, 11/28/2024, 13:37:23.386,0.00032157
1677, 11/28/2024, 13:37:24.403,0.00032159
1678, 11/28/2024, 13:37:25.420,0.00032167
1679, 11/28/2024, 13:37:26.434,0.00032165
1680, 11/28/2024, 13:37:27.445,0.00032157
1681, 11/28/2024, 13:37:28.460,0.00032165
1682, 11/28/2024, 13:37:29.472,0.00032164
1683, 11/28/2024, 13:37:30.488,0.00032162
1684, 11/28/2024, 13:37:31.500,0.00032162
1685, 11/28/2024, 13:37:32.512,0.00032168
1686, 11/28/2024, 13:37:33.523,0.00032161
1687, 11/28/2024, 13:37:34.535,0.00032157
1688, 11/28/2024, 13:37:35.548,0.00032163
1689, 11/28/2024, 13:37:36.560,0.00032162
1690, 11/28/2024, 13:37:37.573,0.00032162
1691, 11/28/2024, 13:37:38.586,0.00032157
1692, 11/28/2024, 13:37:39.600,0.00032153
1693, 11/28/2024, 13:37:40.615,0.00032153
1694, 11/28/2024, 13:37:41.631,0.00032146
1695, 11/28/2024, 13:37:42.643,0.00032152
1696, 11/28/2024, 13:37:43.654,0.0003214
1697, 11/28/2024, 13:37:44.666,0.00032141
1698, 11/28/2024, 13:37:45.681,0.00032145
1699, 11/28/2024, 13:37:46.692,0.00032147
1700, 11/28/2024, 13:37:47.705,0.00032154
1701, 11/28/2024, 13:37:48.727,0.00032146
1702, 11/28/2024, 13:37:49.744,0.00032155
1703, 11/28/2024, 13:37:50.758,0.00032147
1704, 11/28/2024, 13:37:51.771,0.0003215
1705, 11/28/2024, 13:37:52.787,0.00032154
1706, 11/28/2024, 13:37:53.802,0.0003215
1707, 11/28/2024, 13:37:54.819,0.0003216
1708, 11/28/2024, 13:37:55.832,0.00032155
1709, 11/28/2024, 13:37:56.844,0.00032154
1710, 11/28/2024, 13:37:57.856,0.00032155
1711, 11/28/2024, 13:37:58.869,0.0003216
1712, 11/28/2024, 13:37:59.879,0.00032163
1713, 11/28/2024, 13:38:00.157,0.00032151
1714, 11/28/2024, 13:38:01.173,0.0003216
1715, 11/28/2024, 13:38:02.186,0.00032163
1716, 11/28/2024, 13:38:03.202,0.0003216
1717, 11/28/2024, 13:38:04.214,0.00032163
1718, 11/28/2024, 13:38:05.228,0.00032158
1719, 11/28/2024, 13:38:06.244,0.00032155
1720, 11/28/2024, 13:38:07.256,0.00032156
1721, 11/28/2024, 13:38:08.270,0.00032152
1722, 11/28/2024, 13:38:09.281,0.00032151
1723, 11/28/2024, 13:38:10.292,0.00032152
1724, 11/28/2024, 13:38:11.307,0.00032154
1725, 11/28/2024, 13:38:12.319,0.00032155
1726, 11/28/2024, 13:38:13.333,0.0003216
1727, 11/28/2024, 13:38:14.344,0.00032145
1728, 11/28/2024, 13:38:15.361,0.00032148
1729, 11/28/2024, 13:38:16.374,0.0003215
1730, 11/28/2024, 13:38:17.389,0.00032145
1731, 11/28/2024, 13:38:18.401,0.00032154
1732, 11/28/2024, 13:38:19.412,0.00032159
1733, 11/28/2024, 13:38:20.423,0.00032156
1734, 11/28/2024, 13:38:21.436,0.00032161
1735, 11/28/2024, 13:38:22.450,0.00032154
1736, 11/28/2024, 13:38:23.466,0.00032147
1737, 11/28/2024, 13:38:24.479,0.00032153
1738, 11/28/2024, 13:38:25.494,0.00032148
1739, 11/28/2024, 13:38:26.508,0.00032153
1740, 11/28/2024, 13:38:27.522,0.00032154
1741, 11/28/2024, 13:38:28.534,0.00032154
1742, 11/28/2024, 13:38:29.546,0.00032156
1743, 11/28/2024, 13:38:30.558,0.00032155
1744, 11/28/2024, 13:38:31.572,0.00032152
1745, 11/28/2024, 13:38:32.584,0.00032149
1746, 11/28/2024, 13:38:33.599,0.00032154
1747, 11/28/2024, 13:38:34.611,0.00032151
1748, 11/28/2024, 13:38:35.625,0.00032144
1749, 11/28/2024, 13:38:36.639,0.00032141
1750, 11/28/2024, 13:38:37.653,0.00032135
1751, 11/28/2024, 13:38:38.665,0.00032142
1752, 11/28/2024, 13:38:39.677,0.00032145
1753, 11/28/2024, 13:38:40.692,0.00032144
1754, 11/28/2024, 13:38:41.708,0.00032139
1755, 11/28/2024, 13:38:42.721,0.00032145
1756, 11/28/2024, 13:38:43.734,0.00032145
1757, 11/28/2024, 13:38:44.752,0.00032141
1758, 11/28/2024, 13:38:45.765,0.00032144
1759, 11/28/2024, 13:38:46.776,0.00032149
1760, 11/28/2024, 13:38:47.792,0.00032141
1761, 11/28/2024, 13:38:48.804,0.00032141
1762, 11/28/2024, 13:38:49.817,0.00032141
1763, 11/28/2024, 13:38:50.832,0.00032141
1764, 11/28/2024, 13:38:51.848,0.00032143
1765, 11/28/2024, 13:38:52.861,0.00032142
1766, 11/28/2024, 13:38:53.874,0.00032135
1767, 11/28/2024, 13:38:54.154,0.00032148
1768, 11/28/2024, 13:38:55.166,0.00032137
1769, 11/28/2024, 13:38:56.180,0.00032141
1770, 11/28/2024, 13:38:57.192,0.00032141
1771, 11/28/2024, 13:38:58.205,0.00032145
1772, 11/28/2024, 13:38:59.216,0.0003214
1773, 11/28/2024, 13:39:00.229,0.00032143
1774, 11/28/2024, 13:39:01.248,0.00032141
1775, 11/28/2024, 13:39:02.268,0.00032142
1776, 11/28/2024, 13:39:03.287,0.00032141
1777, 11/28/2024, 13:39:04.301,0.00032147
1778, 11/28/2024, 13:39:05.314,0.00032152
1779, 11/28/2024, 13:39:06.330,0.00032155
1780, 11/28/2024, 13:39:07.347,0.00032157
1781, 11/28/2024, 13:39:08.360,0.00032152
1782, 11/28/2024, 13:39:09.377,0.00032151
1783, 11/28/2024, 13:39:10.390,0.00032152
1784, 11/28/2024, 13:39:11.403,0.00032153
1785, 11/28/2024, 13:39:12.414,0.00032154
1786, 11/28/2024, 13:39:13.432,0.00032151
1787, 11/28/2024, 13:39:14.445,0.0003215
1788, 11/28/2024, 13:39:15.458,0.00032146
1789, 11/28/2024, 13:39:16.469,0.00032152
1790, 11/28/2024, 13:39:17.498,0.00032156
1791, 11/28/2024, 13:39:18.516,0.00032157
1792, 11/28/2024, 13:39:19.529,0.0003216
1793, 11/28/2024, 13:39:20.542,0.00032156
1794, 11/28/2024, 13:39:21.552,0.00032157
1795, 11/28/2024, 13:39:22.567,0.0003215
1796, 11/28/2024, 13:39:23.581,0.00032159
1797, 11/28/2024, 13:39:24.598,0.00032158
1798, 11/28/2024, 13:39:25.610,0.0003216
1799, 11/28/2024, 13:39:26.624,0.00032151
1800, 11/28/2024, 13:39:27.633,0.00032146
1801, 11/28/2024, 13:39:28.646,0.00032145
1802, 11/28/2024, 13:39:29.661,0.0003214
1803, 11/28/2024, 13:39:30.675,0.00032141
1804, 11/28/2024, 13:39:31.689,0.00032147
1805, 11/28/2024, 13:39:32.705,0.00032144
1806, 11/28/2024, 13:39:33.715,0.00032142
1807, 11/28/2024, 13:39:34.728,0.00032145
1808, 11/28/2024, 13:39:35.742,0.00032148
1809, 11/28/2024, 13:39:36.755,0.00032146
